# -*- coding: utf-8 -*-

# Resource object code
#
# Created by: The Resource Compiler for PyQt5 (Qt v5.15.2)
#
# WARNING! All changes made in this file will be lost!

from PyQt5 import QtCore

qt_resource_data = b"\
\x00\x00\x0f\x80\
\x3c\
\x3f\x78\x6d\x6c\x20\x76\x65\x72\x73\x69\x6f\x6e\x3d\x22\x31\x2e\
\x30\x22\x20\x65\x6e\x63\x6f\x64\x69\x6e\x67\x3d\x22\x55\x54\x46\
\x2d\x38\x22\x3f\x3e\x0a\x3c\x73\x76\x67\x20\x78\x6d\x6c\x6e\x73\
\x3d\x22\x68\x74\x74\x70\x3a\x2f\x2f\x77\x77\x77\x2e\x77\x33\x2e\
\x6f\x72\x67\x2f\x32\x30\x30\x30\x2f\x73\x76\x67\x22\x20\x77\x69\
\x64\x74\x68\x3d\x22\x31\x30\x32\x34\x22\x20\x68\x65\x69\x67\x68\
\x74\x3d\x22\x31\x30\x32\x34\x22\x20\x76\x69\x65\x77\x42\x6f\x78\
\x3d\x22\x39\x35\x2e\x37\x35\x20\x31\x30\x33\x2e\x31\x34\x20\x38\
\x33\x32\x2e\x35\x20\x38\x33\x32\x2e\x35\x22\x3e\x0a\x20\x20\x3c\
\x64\x65\x66\x73\x3e\x0a\x20\x20\x20\x20\x3c\x6c\x69\x6e\x65\x61\
\x72\x47\x72\x61\x64\x69\x65\x6e\x74\x20\x69\x64\x3d\x22\x70\x61\
\x6e\x65\x6c\x22\x20\x78\x31\x3d\x22\x32\x32\x36\x22\x20\x79\x31\
\x3d\x22\x32\x31\x34\x22\x20\x78\x32\x3d\x22\x38\x30\x35\x22\x20\
\x79\x32\x3d\x22\x38\x32\x31\x22\x20\x67\x72\x61\x64\x69\x65\x6e\
\x74\x55\x6e\x69\x74\x73\x3d\x22\x75\x73\x65\x72\x53\x70\x61\x63\
\x65\x4f\x6e\x55\x73\x65\x22\x3e\x0a\x20\x20\x20\x20\x20\x20\x3c\
\x73\x74\x6f\x70\x20\x6f\x66\x66\x73\x65\x74\x3d\x22\x30\x22\x20\
\x73\x74\x6f\x70\x2d\x63\x6f\x6c\x6f\x72\x3d\x22\x23\x44\x39\x46\
\x34\x46\x38\x22\x2f\x3e\x0a\x20\x20\x20\x20\x20\x20\x3c\x73\x74\
\x6f\x70\x20\x6f\x66\x66\x73\x65\x74\x3d\x22\x2e\x34\x38\x22\x20\
\x73\x74\x6f\x70\x2d\x63\x6f\x6c\x6f\x72\x3d\x22\x23\x42\x38\x45\
\x34\x45\x44\x22\x2f\x3e\x0a\x20\x20\x20\x20\x20\x20\x3c\x73\x74\
\x6f\x70\x20\x6f\x66\x66\x73\x65\x74\x3d\x22\x31\x22\x20\x73\x74\
\x6f\x70\x2d\x63\x6f\x6c\x6f\x72\x3d\x22\x23\x38\x30\x43\x34\x44\
\x32\x22\x2f\x3e\x0a\x20\x20\x20\x20\x3c\x2f\x6c\x69\x6e\x65\x61\
\x72\x47\x72\x61\x64\x69\x65\x6e\x74\x3e\x0a\x20\x20\x20\x20\x3c\
\x6c\x69\x6e\x65\x61\x72\x47\x72\x61\x64\x69\x65\x6e\x74\x20\x69\
\x64\x3d\x22\x70\x61\x6e\x65\x6c\x52\x69\x6d\x22\x20\x78\x31\x3d\
\x22\x32\x32\x30\x22\x20\x79\x31\x3d\x22\x32\x31\x32\x22\x20\x78\
\x32\x3d\x22\x38\x31\x30\x22\x20\x79\x32\x3d\x22\x38\x33\x30\x22\
\x20\x67\x72\x61\x64\x69\x65\x6e\x74\x55\x6e\x69\x74\x73\x3d\x22\
\x75\x73\x65\x72\x53\x70\x61\x63\x65\x4f\x6e\x55\x73\x65\x22\x3e\
\x0a\x20\x20\x20\x20\x20\x20\x3c\x73\x74\x6f\x70\x20\x6f\x66\x66\
\x73\x65\x74\x3d\x22\x30\x22\x20\x73\x74\x6f\x70\x2d\x63\x6f\x6c\
\x6f\x72\x3d\x22\x23\x43\x39\x45\x45\x45\x45\x22\x2f\x3e\x0a\x20\
\x20\x20\x20\x20\x20\x3c\x73\x74\x6f\x70\x20\x6f\x66\x66\x73\x65\
\x74\x3d\x22\x2e\x34\x38\x22\x20\x73\x74\x6f\x70\x2d\x63\x6f\x6c\
\x6f\x72\x3d\x22\x23\x37\x39\x43\x39\x43\x39\x22\x2f\x3e\x0a\x20\
\x20\x20\x20\x20\x20\x3c\x73\x74\x6f\x70\x20\x6f\x66\x66\x73\x65\
\x74\x3d\x22\x31\x22\x20\x73\x74\x6f\x70\x2d\x63\x6f\x6c\x6f\x72\
\x3d\x22\x23\x30\x43\x37\x31\x37\x32\x22\x2f\x3e\x0a\x20\x20\x20\
\x20\x3c\x2f\x6c\x69\x6e\x65\x61\x72\x47\x72\x61\x64\x69\x65\x6e\
\x74\x3e\x0a\x20\x20\x20\x20\x3c\x6c\x69\x6e\x65\x61\x72\x47\x72\
\x61\x64\x69\x65\x6e\x74\x20\x69\x64\x3d\x22\x6d\x6f\x75\x6e\x74\
\x61\x69\x6e\x42\x61\x63\x6b\x22\x20\x78\x31\x3d\x22\x32\x33\x36\
\x22\x20\x79\x31\x3d\x22\x34\x35\x30\x22\x20\x78\x32\x3d\x22\x36\
\x38\x34\x22\x20\x79\x32\x3d\x22\x38\x31\x34\x22\x20\x67\x72\x61\
\x64\x69\x65\x6e\x74\x55\x6e\x69\x74\x73\x3d\x22\x75\x73\x65\x72\
\x53\x70\x61\x63\x65\x4f\x6e\x55\x73\x65\x22\x3e\x0a\x20\x20\x20\
\x20\x20\x20\x3c\x73\x74\x6f\x70\x20\x6f\x66\x66\x73\x65\x74\x3d\
\x22\x30\x22\x20\x73\x74\x6f\x70\x2d\x63\x6f\x6c\x6f\x72\x3d\x22\
\x23\x36\x35\x44\x36\x44\x31\x22\x2f\x3e\x0a\x20\x20\x20\x20\x20\
\x20\x3c\x73\x74\x6f\x70\x20\x6f\x66\x66\x73\x65\x74\x3d\x22\x31\
\x22\x20\x73\x74\x6f\x70\x2d\x63\x6f\x6c\x6f\x72\x3d\x22\x23\x32\
\x36\x39\x46\x39\x42\x22\x2f\x3e\x0a\x20\x20\x20\x20\x3c\x2f\x6c\
\x69\x6e\x65\x61\x72\x47\x72\x61\x64\x69\x65\x6e\x74\x3e\x0a\x20\
\x20\x20\x20\x3c\x6c\x69\x6e\x65\x61\x72\x47\x72\x61\x64\x69\x65\
\x6e\x74\x20\x69\x64\x3d\x22\x6d\x6f\x75\x6e\x74\x61\x69\x6e\x46\
\x72\x6f\x6e\x74\x22\x20\x78\x31\x3d\x22\x34\x33\x31\x22\x20\x79\
\x31\x3d\x22\x35\x34\x30\x22\x20\x78\x32\x3d\x22\x38\x32\x32\x22\
\x20\x79\x32\x3d\x22\x38\x31\x37\x22\x20\x67\x72\x61\x64\x69\x65\
\x6e\x74\x55\x6e\x69\x74\x73\x3d\x22\x75\x73\x65\x72\x53\x70\x61\
\x63\x65\x4f\x6e\x55\x73\x65\x22\x3e\x0a\x20\x20\x20\x20\x20\x20\
\x3c\x73\x74\x6f\x70\x20\x6f\x66\x66\x73\x65\x74\x3d\x22\x30\x22\
\x20\x73\x74\x6f\x70\x2d\x63\x6f\x6c\x6f\x72\x3d\x22\x23\x34\x30\
\x42\x42\x42\x37\x22\x2f\x3e\x0a\x20\x20\x20\x20\x20\x20\x3c\x73\
\x74\x6f\x70\x20\x6f\x66\x66\x73\x65\x74\x3d\x22\x31\x22\x20\x73\
\x74\x6f\x70\x2d\x63\x6f\x6c\x6f\x72\x3d\x22\x23\x31\x33\x37\x44\
\x37\x41\x22\x2f\x3e\x0a\x20\x20\x20\x20\x3c\x2f\x6c\x69\x6e\x65\
\x61\x72\x47\x72\x61\x64\x69\x65\x6e\x74\x3e\x0a\x20\x20\x20\x20\
\x3c\x6c\x69\x6e\x65\x61\x72\x47\x72\x61\x64\x69\x65\x6e\x74\x20\
\x69\x64\x3d\x22\x62\x72\x61\x63\x6b\x65\x74\x22\x20\x78\x31\x3d\
\x22\x30\x22\x20\x79\x31\x3d\x22\x30\x22\x20\x78\x32\x3d\x22\x31\
\x22\x20\x79\x32\x3d\x22\x31\x22\x3e\x0a\x20\x20\x20\x20\x20\x20\
\x3c\x73\x74\x6f\x70\x20\x6f\x66\x66\x73\x65\x74\x3d\x22\x30\x22\
\x20\x73\x74\x6f\x70\x2d\x63\x6f\x6c\x6f\x72\x3d\x22\x23\x46\x46\
\x46\x46\x46\x46\x22\x2f\x3e\x0a\x20\x20\x20\x20\x20\x20\x3c\x73\
\x74\x6f\x70\x20\x6f\x66\x66\x73\x65\x74\x3d\x22\x2e\x35\x22\x20\
\x73\x74\x6f\x70\x2d\x63\x6f\x6c\x6f\x72\x3d\x22\x23\x46\x33\x46\
\x46\x46\x46\x22\x2f\x3e\x0a\x20\x20\x20\x20\x20\x20\x3c\x73\x74\
\x6f\x70\x20\x6f\x66\x66\x73\x65\x74\x3d\x22\x31\x22\x20\x73\x74\
\x6f\x70\x2d\x63\x6f\x6c\x6f\x72\x3d\x22\x23\x43\x42\x45\x39\x45\
\x39\x22\x2f\x3e\x0a\x20\x20\x20\x20\x3c\x2f\x6c\x69\x6e\x65\x61\
\x72\x47\x72\x61\x64\x69\x65\x6e\x74\x3e\x0a\x20\x20\x20\x20\x3c\
\x6c\x69\x6e\x65\x61\x72\x47\x72\x61\x64\x69\x65\x6e\x74\x20\x69\
\x64\x3d\x22\x62\x72\x61\x63\x6b\x65\x74\x52\x69\x6d\x22\x20\x78\
\x31\x3d\x22\x30\x22\x20\x79\x31\x3d\x22\x30\x22\x20\x78\x32\x3d\
\x22\x31\x22\x20\x79\x32\x3d\x22\x31\x22\x3e\x0a\x20\x20\x20\x20\
\x20\x20\x3c\x73\x74\x6f\x70\x20\x6f\x66\x66\x73\x65\x74\x3d\x22\
\x30\x22\x20\x73\x74\x6f\x70\x2d\x63\x6f\x6c\x6f\x72\x3d\x22\x23\
\x46\x46\x46\x46\x46\x46\x22\x2f\x3e\x0a\x20\x20\x20\x20\x20\x20\
\x3c\x73\x74\x6f\x70\x20\x6f\x66\x66\x73\x65\x74\x3d\x22\x2e\x34\
\x38\x22\x20\x73\x74\x6f\x70\x2d\x63\x6f\x6c\x6f\x72\x3d\x22\x23\
\x45\x38\x46\x46\x46\x46\x22\x2f\x3e\x0a\x20\x20\x20\x20\x20\x20\
\x3c\x73\x74\x6f\x70\x20\x6f\x66\x66\x73\x65\x74\x3d\x22\x31\x22\
\x20\x73\x74\x6f\x70\x2d\x63\x6f\x6c\x6f\x72\x3d\x22\x23\x42\x37\
\x44\x43\x44\x44\x22\x2f\x3e\x0a\x20\x20\x20\x20\x3c\x2f\x6c\x69\
\x6e\x65\x61\x72\x47\x72\x61\x64\x69\x65\x6e\x74\x3e\x0a\x20\x20\
\x20\x20\x3c\x66\x69\x6c\x74\x65\x72\x20\x69\x64\x3d\x22\x70\x61\
\x6e\x65\x6c\x53\x68\x61\x64\x6f\x77\x22\x20\x78\x3d\x22\x2d\x32\
\x35\x25\x22\x20\x79\x3d\x22\x2d\x32\x35\x25\x22\x20\x77\x69\x64\
\x74\x68\x3d\x22\x31\x35\x30\x25\x22\x20\x68\x65\x69\x67\x68\x74\
\x3d\x22\x31\x35\x30\x25\x22\x3e\x0a\x20\x20\x20\x20\x20\x20\x3c\
\x66\x65\x44\x72\x6f\x70\x53\x68\x61\x64\x6f\x77\x20\x64\x78\x3d\
\x22\x30\x22\x20\x64\x79\x3d\x22\x31\x35\x22\x20\x73\x74\x64\x44\
\x65\x76\x69\x61\x74\x69\x6f\x6e\x3d\x22\x31\x37\x22\x20\x66\x6c\
\x6f\x6f\x64\x2d\x63\x6f\x6c\x6f\x72\x3d\x22\x23\x31\x36\x37\x45\
\x37\x44\x22\x20\x66\x6c\x6f\x6f\x64\x2d\x6f\x70\x61\x63\x69\x74\
\x79\x3d\x22\x2e\x32\x32\x22\x2f\x3e\x0a\x20\x20\x20\x20\x3c\x2f\
\x66\x69\x6c\x74\x65\x72\x3e\x0a\x20\x20\x20\x20\x3c\x66\x69\x6c\
\x74\x65\x72\x20\x69\x64\x3d\x22\x62\x72\x61\x63\x6b\x65\x74\x53\
\x68\x61\x64\x6f\x77\x22\x20\x78\x3d\x22\x2d\x33\x35\x25\x22\x20\
\x79\x3d\x22\x2d\x33\x35\x25\x22\x20\x77\x69\x64\x74\x68\x3d\x22\
\x31\x37\x30\x25\x22\x20\x68\x65\x69\x67\x68\x74\x3d\x22\x31\x37\
\x30\x25\x22\x3e\x0a\x20\x20\x20\x20\x20\x20\x3c\x66\x65\x44\x72\
\x6f\x70\x53\x68\x61\x64\x6f\x77\x20\x64\x78\x3d\x22\x30\x22\x20\
\x64\x79\x3d\x22\x31\x32\x22\x20\x73\x74\x64\x44\x65\x76\x69\x61\
\x74\x69\x6f\x6e\x3d\x22\x31\x30\x22\x20\x66\x6c\x6f\x6f\x64\x2d\
\x63\x6f\x6c\x6f\x72\x3d\x22\x23\x31\x32\x36\x45\x36\x44\x22\x20\
\x66\x6c\x6f\x6f\x64\x2d\x6f\x70\x61\x63\x69\x74\x79\x3d\x22\x2e\
\x31\x38\x22\x2f\x3e\x0a\x20\x20\x20\x20\x3c\x2f\x66\x69\x6c\x74\
\x65\x72\x3e\x0a\x20\x20\x20\x20\x3c\x66\x69\x6c\x74\x65\x72\x20\
\x69\x64\x3d\x22\x67\x75\x69\x64\x65\x53\x68\x61\x64\x6f\x77\x22\
\x20\x78\x3d\x22\x2d\x32\x30\x25\x22\x20\x79\x3d\x22\x2d\x32\x30\
\x25\x22\x20\x77\x69\x64\x74\x68\x3d\x22\x31\x34\x30\x25\x22\x20\
\x68\x65\x69\x67\x68\x74\x3d\x22\x31\x34\x30\x25\x22\x3e\x0a\x20\
\x20\x20\x20\x20\x20\x3c\x66\x65\x44\x72\x6f\x70\x53\x68\x61\x64\
\x6f\x77\x20\x64\x78\x3d\x22\x30\x22\x20\x64\x79\x3d\x22\x32\x22\
\x20\x73\x74\x64\x44\x65\x76\x69\x61\x74\x69\x6f\x6e\x3d\x22\x32\
\x22\x20\x66\x6c\x6f\x6f\x64\x2d\x63\x6f\x6c\x6f\x72\x3d\x22\x23\
\x31\x37\x37\x42\x37\x39\x22\x20\x66\x6c\x6f\x6f\x64\x2d\x6f\x70\
\x61\x63\x69\x74\x79\x3d\x22\x2e\x32\x34\x22\x2f\x3e\x0a\x20\x20\
\x20\x20\x3c\x2f\x66\x69\x6c\x74\x65\x72\x3e\x0a\x20\x20\x20\x20\
\x3c\x63\x6c\x69\x70\x50\x61\x74\x68\x20\x69\x64\x3d\x22\x70\x61\
\x6e\x65\x6c\x43\x6c\x69\x70\x22\x3e\x0a\x20\x20\x20\x20\x20\x20\
\x3c\x72\x65\x63\x74\x20\x78\x3d\x22\x31\x39\x30\x22\x20\x79\x3d\
\x22\x32\x30\x35\x22\x20\x77\x69\x64\x74\x68\x3d\x22\x36\x34\x34\
\x22\x20\x68\x65\x69\x67\x68\x74\x3d\x22\x36\x30\x32\x22\x20\x72\
\x78\x3d\x22\x36\x34\x22\x2f\x3e\x0a\x20\x20\x20\x20\x3c\x2f\x63\
\x6c\x69\x70\x50\x61\x74\x68\x3e\x0a\x20\x20\x3c\x2f\x64\x65\x66\
\x73\x3e\x0a\x0a\x20\x20\x3c\x67\x20\x74\x72\x61\x6e\x73\x66\x6f\
\x72\x6d\x3d\x22\x74\x72\x61\x6e\x73\x6c\x61\x74\x65\x28\x35\x31\
\x32\x20\x35\x30\x36\x29\x20\x73\x63\x61\x6c\x65\x28\x31\x2e\x31\
\x32\x29\x20\x74\x72\x61\x6e\x73\x6c\x61\x74\x65\x28\x2d\x35\x31\
\x32\x20\x2d\x35\x30\x36\x29\x22\x3e\x0a\x20\x20\x20\x20\x20\x20\
\x3c\x21\x2d\x2d\x20\x43\x3a\x20\x63\x65\x6e\x74\x72\x61\x6c\x20\
\x69\x6d\x61\x67\x65\x20\x70\x61\x6e\x65\x6c\x20\x2d\x2d\x3e\x0a\
\x20\x20\x20\x20\x20\x20\x3c\x67\x20\x66\x69\x6c\x74\x65\x72\x3d\
\x22\x75\x72\x6c\x28\x23\x70\x61\x6e\x65\x6c\x53\x68\x61\x64\x6f\
\x77\x29\x22\x3e\x0a\x20\x20\x20\x20\x20\x20\x20\x20\x3c\x72\x65\
\x63\x74\x20\x78\x3d\x22\x31\x39\x30\x22\x20\x79\x3d\x22\x32\x30\
\x35\x22\x20\x77\x69\x64\x74\x68\x3d\x22\x36\x34\x34\x22\x20\x68\
\x65\x69\x67\x68\x74\x3d\x22\x36\x30\x32\x22\x20\x72\x78\x3d\x22\
\x36\x34\x22\x20\x66\x69\x6c\x6c\x3d\x22\x75\x72\x6c\x28\x23\x70\
\x61\x6e\x65\x6c\x29\x22\x2f\x3e\x0a\x20\x20\x20\x20\x20\x20\x20\
\x20\x3c\x72\x65\x63\x74\x20\x78\x3d\x22\x31\x39\x33\x22\x20\x79\
\x3d\x22\x32\x30\x38\x22\x20\x77\x69\x64\x74\x68\x3d\x22\x36\x33\
\x38\x22\x20\x68\x65\x69\x67\x68\x74\x3d\x22\x35\x39\x36\x22\x20\
\x72\x78\x3d\x22\x36\x31\x22\x20\x66\x69\x6c\x6c\x3d\x22\x6e\x6f\
\x6e\x65\x22\x20\x73\x74\x72\x6f\x6b\x65\x3d\x22\x75\x72\x6c\x28\
\x23\x70\x61\x6e\x65\x6c\x52\x69\x6d\x29\x22\x20\x73\x74\x72\x6f\
\x6b\x65\x2d\x77\x69\x64\x74\x68\x3d\x22\x31\x30\x22\x2f\x3e\x0a\
\x20\x20\x20\x20\x20\x20\x3c\x2f\x67\x3e\x0a\x0a\x20\x20\x20\x20\
\x20\x20\x3c\x21\x2d\x2d\x20\x44\x20\x61\x6e\x64\x20\x45\x3a\x20\
\x69\x6d\x61\x67\x65\x20\x73\x75\x62\x6a\x65\x63\x74\x20\x61\x6e\
\x64\x20\x63\x6f\x6d\x70\x6f\x73\x69\x74\x69\x6f\x6e\x20\x67\x72\
\x69\x64\x20\x2d\x2d\x3e\x0a\x20\x20\x20\x20\x20\x20\x3c\x67\x20\
\x63\x6c\x69\x70\x2d\x70\x61\x74\x68\x3d\x22\x75\x72\x6c\x28\x23\
\x70\x61\x6e\x65\x6c\x43\x6c\x69\x70\x29\x22\x3e\x0a\x20\x20\x20\
\x20\x20\x20\x20\x20\x3c\x63\x69\x72\x63\x6c\x65\x20\x63\x78\x3d\
\x22\x36\x30\x38\x22\x20\x63\x79\x3d\x22\x33\x39\x35\x22\x20\x72\
\x3d\x22\x36\x39\x22\x20\x66\x69\x6c\x6c\x3d\x22\x23\x46\x46\x46\
\x33\x43\x37\x22\x20\x73\x74\x72\x6f\x6b\x65\x3d\x22\x23\x45\x32\
\x43\x39\x38\x32\x22\x20\x73\x74\x72\x6f\x6b\x65\x2d\x77\x69\x64\
\x74\x68\x3d\x22\x34\x22\x2f\x3e\x0a\x20\x20\x20\x20\x20\x20\x20\
\x20\x3c\x70\x61\x74\x68\x20\x64\x3d\x22\x4d\x31\x39\x36\x20\x36\
\x30\x33\x20\x33\x33\x39\x20\x34\x34\x37\x63\x31\x34\x2d\x31\x35\
\x20\x33\x34\x2d\x31\x35\x20\x34\x39\x2d\x31\x6c\x32\x35\x30\x20\
\x32\x35\x37\x76\x31\x30\x34\x48\x31\x39\x36\x5a\x22\x20\x66\x69\
\x6c\x6c\x3d\x22\x75\x72\x6c\x28\x23\x6d\x6f\x75\x6e\x74\x61\x69\
\x6e\x42\x61\x63\x6b\x29\x22\x2f\x3e\x0a\x20\x20\x20\x20\x20\x20\
\x20\x20\x3c\x70\x61\x74\x68\x20\x64\x3d\x22\x4d\x34\x32\x35\x20\
\x38\x30\x37\x20\x36\x33\x39\x20\x35\x35\x32\x63\x31\x34\x2d\x31\
\x37\x20\x33\x37\x2d\x31\x38\x20\x35\x33\x2d\x34\x6c\x31\x34\x39\
\x20\x31\x33\x36\x76\x31\x32\x33\x5a\x22\x20\x66\x69\x6c\x6c\x3d\
\x22\x75\x72\x6c\x28\x23\x6d\x6f\x75\x6e\x74\x61\x69\x6e\x46\x72\
\x6f\x6e\x74\x29\x22\x2f\x3e\x0a\x20\x20\x20\x20\x20\x20\x20\x20\
\x3c\x70\x61\x74\x68\x20\x64\x3d\x22\x6d\x33\x34\x32\x20\x34\x34\
\x37\x20\x31\x31\x32\x20\x31\x31\x36\x2d\x38\x31\x20\x39\x36\x2d\
\x31\x30\x35\x2d\x31\x31\x31\x5a\x22\x20\x66\x69\x6c\x6c\x3d\x22\
\x23\x37\x38\x44\x43\x44\x38\x22\x2f\x3e\x0a\x20\x20\x20\x20\x20\
\x20\x20\x20\x3c\x70\x61\x74\x68\x20\x64\x3d\x22\x6d\x36\x34\x30\
\x20\x35\x35\x33\x20\x38\x35\x20\x37\x37\x2d\x31\x31\x39\x20\x31\
\x34\x32\x2d\x38\x31\x2d\x39\x37\x5a\x22\x20\x66\x69\x6c\x6c\x3d\
\x22\x23\x34\x33\x42\x45\x42\x39\x22\x2f\x3e\x0a\x20\x20\x20\x20\
\x20\x20\x20\x20\x3c\x70\x61\x74\x68\x20\x64\x3d\x22\x6d\x31\x39\
\x36\x20\x36\x30\x33\x20\x31\x34\x33\x2d\x31\x35\x36\x20\x33\x34\
\x20\x33\x35\x2d\x31\x33\x30\x20\x31\x37\x37\x5a\x22\x20\x66\x69\
\x6c\x6c\x3d\x22\x23\x37\x32\x44\x38\x44\x33\x22\x2f\x3e\x0a\x20\
\x20\x20\x20\x20\x20\x20\x20\x3c\x67\x20\x66\x69\x6c\x6c\x3d\x22\
\x6e\x6f\x6e\x65\x22\x20\x73\x74\x72\x6f\x6b\x65\x3d\x22\x23\x46\
\x46\x46\x46\x46\x46\x22\x20\x73\x74\x72\x6f\x6b\x65\x2d\x77\x69\
\x64\x74\x68\x3d\x22\x39\x22\x20\x73\x74\x72\x6f\x6b\x65\x2d\x6c\
\x69\x6e\x65\x63\x61\x70\x3d\x22\x72\x6f\x75\x6e\x64\x22\x20\x66\
\x69\x6c\x74\x65\x72\x3d\x22\x75\x72\x6c\x28\x23\x67\x75\x69\x64\
\x65\x53\x68\x61\x64\x6f\x77\x29\x22\x3e\x0a\x20\x20\x20\x20\x20\
\x20\x20\x20\x20\x20\x3c\x70\x61\x74\x68\x20\x64\x3d\x22\x4d\x31\
\x31\x32\x20\x35\x31\x34\x68\x38\x30\x31\x22\x20\x73\x74\x72\x6f\
\x6b\x65\x2d\x64\x61\x73\x68\x61\x72\x72\x61\x79\x3d\x22\x32\x38\
\x20\x32\x34\x22\x2f\x3e\x0a\x20\x20\x20\x20\x20\x20\x20\x20\x20\
\x20\x3c\x70\x61\x74\x68\x20\x64\x3d\x22\x4d\x34\x31\x34\x20\x31\
\x37\x32\x76\x36\x38\x34\x22\x20\x73\x74\x72\x6f\x6b\x65\x2d\x64\
\x61\x73\x68\x61\x72\x72\x61\x79\x3d\x22\x33\x30\x20\x32\x36\x22\
\x2f\x3e\x0a\x20\x20\x20\x20\x20\x20\x20\x20\x20\x20\x3c\x70\x61\
\x74\x68\x20\x64\x3d\x22\x4d\x36\x34\x33\x20\x31\x37\x32\x76\x36\
\x38\x34\x22\x20\x73\x74\x72\x6f\x6b\x65\x2d\x64\x61\x73\x68\x61\
\x72\x72\x61\x79\x3d\x22\x33\x30\x20\x32\x36\x22\x2f\x3e\x0a\x20\
\x20\x20\x20\x20\x20\x20\x20\x3c\x2f\x67\x3e\x0a\x20\x20\x20\x20\
\x20\x20\x3c\x2f\x67\x3e\x0a\x0a\x20\x20\x20\x20\x20\x20\x3c\x21\
\x2d\x2d\x20\x46\x3a\x20\x6f\x70\x61\x71\x75\x65\x20\x63\x72\x6f\
\x70\x20\x62\x72\x61\x63\x6b\x65\x74\x73\x20\x2d\x2d\x3e\x0a\x20\
\x20\x20\x20\x20\x20\x3c\x67\x20\x66\x69\x6c\x6c\x3d\x22\x6e\x6f\
\x6e\x65\x22\x20\x73\x74\x72\x6f\x6b\x65\x2d\x6c\x69\x6e\x65\x63\
\x61\x70\x3d\x22\x72\x6f\x75\x6e\x64\x22\x20\x73\x74\x72\x6f\x6b\
\x65\x2d\x6c\x69\x6e\x65\x6a\x6f\x69\x6e\x3d\x22\x72\x6f\x75\x6e\
\x64\x22\x3e\x0a\x20\x20\x20\x20\x20\x20\x20\x20\x3c\x67\x20\x73\
\x74\x72\x6f\x6b\x65\x3d\x22\x75\x72\x6c\x28\x23\x62\x72\x61\x63\
\x6b\x65\x74\x52\x69\x6d\x29\x22\x20\x73\x74\x72\x6f\x6b\x65\x2d\
\x77\x69\x64\x74\x68\x3d\x22\x35\x34\x22\x20\x66\x69\x6c\x74\x65\
\x72\x3d\x22\x75\x72\x6c\x28\x23\x62\x72\x61\x63\x6b\x65\x74\x53\
\x68\x61\x64\x6f\x77\x29\x22\x3e\x0a\x20\x20\x20\x20\x20\x20\x20\
\x20\x20\x20\x3c\x70\x61\x74\x68\x20\x64\x3d\x22\x4d\x32\x39\x30\
\x20\x32\x30\x35\x48\x31\x39\x30\x76\x31\x30\x30\x4d\x37\x33\x34\
\x20\x32\x30\x35\x68\x31\x30\x30\x76\x31\x30\x30\x4d\x31\x39\x30\
\x20\x37\x30\x37\x76\x31\x30\x30\x68\x31\x30\x30\x4d\x37\x33\x34\
\x20\x38\x30\x37\x68\x31\x30\x30\x56\x37\x30\x37\x22\x2f\x3e\x0a\
\x20\x20\x20\x20\x20\x20\x20\x20\x3c\x2f\x67\x3e\x0a\x20\x20\x20\
\x20\x20\x20\x20\x20\x3c\x67\x20\x73\x74\x72\x6f\x6b\x65\x3d\x22\
\x75\x72\x6c\x28\x23\x62\x72\x61\x63\x6b\x65\x74\x29\x22\x20\x73\
\x74\x72\x6f\x6b\x65\x2d\x77\x69\x64\x74\x68\x3d\x22\x34\x36\x22\
\x3e\x0a\x20\x20\x20\x20\x20\x20\x20\x20\x20\x20\x3c\x70\x61\x74\
\x68\x20\x64\x3d\x22\x4d\x32\x39\x30\x20\x32\x30\x35\x48\x31\x39\
\x30\x76\x31\x30\x30\x4d\x37\x33\x34\x20\x32\x30\x35\x68\x31\x30\
\x30\x76\x31\x30\x30\x4d\x31\x39\x30\x20\x37\x30\x37\x76\x31\x30\
\x30\x68\x31\x30\x30\x4d\x37\x33\x34\x20\x38\x30\x37\x68\x31\x30\
\x30\x56\x37\x30\x37\x22\x2f\x3e\x0a\x20\x20\x20\x20\x20\x20\x20\
\x20\x3c\x2f\x67\x3e\x0a\x20\x20\x20\x20\x20\x20\x3c\x2f\x67\x3e\
\x0a\x20\x20\x3c\x2f\x67\x3e\x0a\x3c\x2f\x73\x76\x67\x3e\x0a\
\x00\x00\x02\x29\
\x3c\
\x73\x76\x67\x20\x78\x6d\x6c\x6e\x73\x3d\x22\x68\x74\x74\x70\x3a\
\x2f\x2f\x77\x77\x77\x2e\x77\x33\x2e\x6f\x72\x67\x2f\x32\x30\x30\
\x30\x2f\x73\x76\x67\x22\x20\x77\x69\x64\x74\x68\x3d\x22\x32\x34\
\x22\x20\x68\x65\x69\x67\x68\x74\x3d\x22\x32\x34\x22\x20\x76\x69\
\x65\x77\x42\x6f\x78\x3d\x22\x30\x20\x30\x20\x32\x34\x20\x32\x34\
\x22\x20\x66\x69\x6c\x6c\x3d\x22\x6e\x6f\x6e\x65\x22\x20\x73\x74\
\x72\x6f\x6b\x65\x3d\x22\x23\x37\x35\x36\x42\x39\x45\x22\x20\x73\
\x74\x72\x6f\x6b\x65\x2d\x77\x69\x64\x74\x68\x3d\x22\x31\x2e\x38\
\x22\x20\x73\x74\x72\x6f\x6b\x65\x2d\x6c\x69\x6e\x65\x63\x61\x70\
\x3d\x22\x72\x6f\x75\x6e\x64\x22\x20\x73\x74\x72\x6f\x6b\x65\x2d\
\x6c\x69\x6e\x65\x6a\x6f\x69\x6e\x3d\x22\x72\x6f\x75\x6e\x64\x22\
\x3e\x0a\x20\x20\x3c\x72\x65\x63\x74\x20\x78\x3d\x22\x35\x22\x20\
\x79\x3d\x22\x36\x22\x20\x77\x69\x64\x74\x68\x3d\x22\x31\x32\x22\
\x20\x68\x65\x69\x67\x68\x74\x3d\x22\x31\x32\x22\x20\x72\x78\x3d\
\x22\x32\x22\x20\x66\x69\x6c\x6c\x3d\x22\x23\x45\x36\x45\x32\x46\
\x30\x22\x2f\x3e\x0a\x20\x20\x3c\x72\x65\x63\x74\x20\x78\x3d\x22\
\x34\x2e\x31\x22\x20\x79\x3d\x22\x35\x2e\x31\x22\x20\x77\x69\x64\
\x74\x68\x3d\x22\x31\x2e\x38\x22\x20\x68\x65\x69\x67\x68\x74\x3d\
\x22\x31\x2e\x38\x22\x20\x72\x78\x3d\x22\x2e\x35\x22\x20\x66\x69\
\x6c\x6c\x3d\x22\x23\x37\x35\x36\x42\x39\x45\x22\x20\x73\x74\x72\
\x6f\x6b\x65\x3d\x22\x6e\x6f\x6e\x65\x22\x2f\x3e\x0a\x20\x20\x3c\
\x72\x65\x63\x74\x20\x78\x3d\x22\x34\x2e\x31\x22\x20\x79\x3d\x22\
\x31\x37\x2e\x31\x22\x20\x77\x69\x64\x74\x68\x3d\x22\x31\x2e\x38\
\x22\x20\x68\x65\x69\x67\x68\x74\x3d\x22\x31\x2e\x38\x22\x20\x72\
\x78\x3d\x22\x2e\x35\x22\x20\x66\x69\x6c\x6c\x3d\x22\x23\x37\x35\
\x36\x42\x39\x45\x22\x20\x73\x74\x72\x6f\x6b\x65\x3d\x22\x6e\x6f\
\x6e\x65\x22\x2f\x3e\x0a\x20\x20\x3c\x72\x65\x63\x74\x20\x78\x3d\
\x22\x31\x36\x2e\x31\x22\x20\x79\x3d\x22\x31\x37\x2e\x31\x22\x20\
\x77\x69\x64\x74\x68\x3d\x22\x31\x2e\x38\x22\x20\x68\x65\x69\x67\
\x68\x74\x3d\x22\x31\x2e\x38\x22\x20\x72\x78\x3d\x22\x2e\x35\x22\
\x20\x66\x69\x6c\x6c\x3d\x22\x23\x37\x35\x36\x42\x39\x45\x22\x20\
\x73\x74\x72\x6f\x6b\x65\x3d\x22\x6e\x6f\x6e\x65\x22\x2f\x3e\x0a\
\x20\x20\x3c\x70\x61\x74\x68\x20\x64\x3d\x22\x4d\x31\x38\x2e\x35\
\x20\x35\x76\x35\x4d\x31\x36\x20\x37\x2e\x35\x68\x35\x22\x2f\x3e\
\x0a\x3c\x2f\x73\x76\x67\x3e\x0a\
\x00\x00\x01\xb7\
\x3c\
\x73\x76\x67\x20\x78\x6d\x6c\x6e\x73\x3d\x22\x68\x74\x74\x70\x3a\
\x2f\x2f\x77\x77\x77\x2e\x77\x33\x2e\x6f\x72\x67\x2f\x32\x30\x30\
\x30\x2f\x73\x76\x67\x22\x20\x77\x69\x64\x74\x68\x3d\x22\x32\x34\
\x22\x20\x68\x65\x69\x67\x68\x74\x3d\x22\x32\x34\x22\x20\x76\x69\
\x65\x77\x42\x6f\x78\x3d\x22\x30\x20\x30\x20\x32\x34\x20\x32\x34\
\x22\x20\x66\x69\x6c\x6c\x3d\x22\x6e\x6f\x6e\x65\x22\x20\x73\x74\
\x72\x6f\x6b\x65\x3d\x22\x23\x36\x34\x37\x38\x38\x46\x22\x20\x73\
\x74\x72\x6f\x6b\x65\x2d\x77\x69\x64\x74\x68\x3d\x22\x31\x2e\x38\
\x22\x20\x73\x74\x72\x6f\x6b\x65\x2d\x6c\x69\x6e\x65\x63\x61\x70\
\x3d\x22\x72\x6f\x75\x6e\x64\x22\x20\x73\x74\x72\x6f\x6b\x65\x2d\
\x6c\x69\x6e\x65\x6a\x6f\x69\x6e\x3d\x22\x72\x6f\x75\x6e\x64\x22\
\x3e\x0a\x20\x20\x3c\x70\x61\x74\x68\x20\x64\x3d\x22\x4d\x38\x20\
\x31\x31\x56\x36\x2e\x35\x61\x31\x2e\x35\x20\x31\x2e\x35\x20\x30\
\x20\x30\x20\x31\x20\x33\x20\x30\x56\x31\x30\x4d\x31\x31\x20\x31\
\x30\x56\x35\x2e\x35\x61\x31\x2e\x35\x20\x31\x2e\x35\x20\x30\x20\
\x30\x20\x31\x20\x33\x20\x30\x56\x31\x30\x4d\x31\x34\x20\x31\x30\
\x56\x37\x61\x31\x2e\x35\x20\x31\x2e\x35\x20\x30\x20\x30\x20\x31\
\x20\x33\x20\x30\x76\x35\x4d\x38\x20\x31\x30\x61\x31\x2e\x35\x20\
\x31\x2e\x35\x20\x30\x20\x30\x20\x30\x2d\x33\x20\x30\x76\x34\x63\
\x30\x20\x34\x20\x32\x2e\x35\x20\x36\x2e\x35\x20\x36\x2e\x35\x20\
\x36\x2e\x35\x68\x31\x63\x34\x2e\x35\x20\x30\x20\x36\x2e\x35\x2d\
\x33\x20\x36\x2e\x35\x2d\x37\x76\x2d\x32\x61\x31\x2e\x35\x20\x31\
\x2e\x35\x20\x30\x20\x30\x20\x30\x2d\x33\x20\x30\x22\x20\x66\x69\
\x6c\x6c\x3d\x22\x23\x45\x32\x45\x38\x45\x45\x22\x2f\x3e\x3c\x70\
\x61\x74\x68\x20\x64\x3d\x22\x4d\x38\x20\x31\x34\x63\x32\x20\x30\
\x20\x33\x2e\x35\x20\x31\x20\x34\x20\x32\x22\x20\x73\x74\x72\x6f\
\x6b\x65\x3d\x22\x23\x34\x35\x35\x34\x36\x38\x22\x2f\x3e\x0a\x3c\
\x2f\x73\x76\x67\x3e\x0a\
\x00\x00\x01\x6e\
\x3c\
\x73\x76\x67\x20\x78\x6d\x6c\x6e\x73\x3d\x22\x68\x74\x74\x70\x3a\
\x2f\x2f\x77\x77\x77\x2e\x77\x33\x2e\x6f\x72\x67\x2f\x32\x30\x30\
\x30\x2f\x73\x76\x67\x22\x20\x77\x69\x64\x74\x68\x3d\x22\x32\x34\
\x22\x20\x68\x65\x69\x67\x68\x74\x3d\x22\x32\x34\x22\x20\x76\x69\
\x65\x77\x42\x6f\x78\x3d\x22\x30\x20\x30\x20\x32\x34\x20\x32\x34\
\x22\x20\x66\x69\x6c\x6c\x3d\x22\x6e\x6f\x6e\x65\x22\x20\x73\x74\
\x72\x6f\x6b\x65\x3d\x22\x23\x35\x36\x37\x37\x41\x36\x22\x20\x73\
\x74\x72\x6f\x6b\x65\x2d\x77\x69\x64\x74\x68\x3d\x22\x31\x2e\x38\
\x22\x20\x73\x74\x72\x6f\x6b\x65\x2d\x6c\x69\x6e\x65\x63\x61\x70\
\x3d\x22\x72\x6f\x75\x6e\x64\x22\x20\x73\x74\x72\x6f\x6b\x65\x2d\
\x6c\x69\x6e\x65\x6a\x6f\x69\x6e\x3d\x22\x72\x6f\x75\x6e\x64\x22\
\x3e\x0a\x20\x20\x3c\x72\x65\x63\x74\x20\x78\x3d\x22\x37\x22\x20\
\x79\x3d\x22\x37\x22\x20\x77\x69\x64\x74\x68\x3d\x22\x31\x32\x22\
\x20\x68\x65\x69\x67\x68\x74\x3d\x22\x31\x33\x22\x20\x72\x78\x3d\
\x22\x32\x22\x20\x66\x69\x6c\x6c\x3d\x22\x23\x44\x43\x45\x36\x46\
\x32\x22\x2f\x3e\x3c\x70\x61\x74\x68\x20\x64\x3d\x22\x4d\x31\x36\
\x20\x37\x56\x36\x61\x32\x20\x32\x20\x30\x20\x30\x20\x30\x2d\x32\
\x2d\x32\x48\x36\x61\x32\x20\x32\x20\x30\x20\x30\x20\x30\x2d\x32\
\x20\x32\x76\x31\x30\x61\x32\x20\x32\x20\x30\x20\x30\x20\x30\x20\
\x32\x20\x32\x68\x31\x22\x2f\x3e\x3c\x70\x61\x74\x68\x20\x64\x3d\
\x22\x4d\x31\x30\x20\x31\x31\x68\x36\x4d\x31\x30\x20\x31\x35\x68\
\x34\x22\x20\x73\x74\x72\x6f\x6b\x65\x3d\x22\x23\x34\x35\x35\x34\
\x36\x38\x22\x2f\x3e\x0a\x3c\x2f\x73\x76\x67\x3e\x0a\
\x00\x00\x01\x6d\
\x3c\
\x73\x76\x67\x20\x78\x6d\x6c\x6e\x73\x3d\x22\x68\x74\x74\x70\x3a\
\x2f\x2f\x77\x77\x77\x2e\x77\x33\x2e\x6f\x72\x67\x2f\x32\x30\x30\
\x30\x2f\x73\x76\x67\x22\x20\x77\x69\x64\x74\x68\x3d\x22\x32\x34\
\x22\x20\x68\x65\x69\x67\x68\x74\x3d\x22\x32\x34\x22\x20\x76\x69\
\x65\x77\x42\x6f\x78\x3d\x22\x30\x20\x30\x20\x32\x34\x20\x32\x34\
\x22\x20\x66\x69\x6c\x6c\x3d\x22\x6e\x6f\x6e\x65\x22\x20\x73\x74\
\x72\x6f\x6b\x65\x3d\x22\x23\x34\x46\x38\x35\x38\x32\x22\x20\x73\
\x74\x72\x6f\x6b\x65\x2d\x77\x69\x64\x74\x68\x3d\x22\x31\x2e\x38\
\x22\x20\x73\x74\x72\x6f\x6b\x65\x2d\x6c\x69\x6e\x65\x63\x61\x70\
\x3d\x22\x72\x6f\x75\x6e\x64\x22\x20\x73\x74\x72\x6f\x6b\x65\x2d\
\x6c\x69\x6e\x65\x6a\x6f\x69\x6e\x3d\x22\x72\x6f\x75\x6e\x64\x22\
\x3e\x0a\x20\x20\x3c\x72\x65\x63\x74\x20\x78\x3d\x22\x36\x22\x20\
\x79\x3d\x22\x36\x22\x20\x77\x69\x64\x74\x68\x3d\x22\x31\x32\x22\
\x20\x68\x65\x69\x67\x68\x74\x3d\x22\x31\x32\x22\x20\x72\x78\x3d\
\x22\x32\x22\x20\x66\x69\x6c\x6c\x3d\x22\x23\x44\x43\x45\x42\x45\
\x38\x22\x20\x73\x74\x72\x6f\x6b\x65\x3d\x22\x6e\x6f\x6e\x65\x22\
\x2f\x3e\x0a\x20\x20\x3c\x70\x61\x74\x68\x20\x64\x3d\x22\x4d\x35\
\x20\x33\x2e\x35\x76\x31\x33\x41\x32\x2e\x35\x20\x32\x2e\x35\x20\
\x30\x20\x30\x20\x30\x20\x37\x2e\x35\x20\x31\x39\x48\x32\x30\x2e\
\x35\x22\x2f\x3e\x0a\x20\x20\x3c\x70\x61\x74\x68\x20\x64\x3d\x22\
\x4d\x33\x2e\x35\x20\x35\x68\x31\x33\x41\x32\x2e\x35\x20\x32\x2e\
\x35\x20\x30\x20\x30\x20\x31\x20\x31\x39\x20\x37\x2e\x35\x76\x31\
\x33\x22\x2f\x3e\x0a\x3c\x2f\x73\x76\x67\x3e\x0a\
\x00\x00\x01\x0c\
\x3c\
\x73\x76\x67\x20\x78\x6d\x6c\x6e\x73\x3d\x22\x68\x74\x74\x70\x3a\
\x2f\x2f\x77\x77\x77\x2e\x77\x33\x2e\x6f\x72\x67\x2f\x32\x30\x30\
\x30\x2f\x73\x76\x67\x22\x20\x77\x69\x64\x74\x68\x3d\x22\x32\x34\
\x22\x20\x68\x65\x69\x67\x68\x74\x3d\x22\x32\x34\x22\x20\x76\x69\
\x65\x77\x42\x6f\x78\x3d\x22\x30\x20\x30\x20\x32\x34\x20\x32\x34\
\x22\x20\x66\x69\x6c\x6c\x3d\x22\x6e\x6f\x6e\x65\x22\x20\x73\x74\
\x72\x6f\x6b\x65\x3d\x22\x23\x35\x46\x38\x34\x36\x38\x22\x20\x73\
\x74\x72\x6f\x6b\x65\x2d\x77\x69\x64\x74\x68\x3d\x22\x31\x2e\x38\
\x22\x20\x73\x74\x72\x6f\x6b\x65\x2d\x6c\x69\x6e\x65\x63\x61\x70\
\x3d\x22\x72\x6f\x75\x6e\x64\x22\x20\x73\x74\x72\x6f\x6b\x65\x2d\
\x6c\x69\x6e\x65\x6a\x6f\x69\x6e\x3d\x22\x72\x6f\x75\x6e\x64\x22\
\x3e\x0a\x20\x20\x3c\x63\x69\x72\x63\x6c\x65\x20\x63\x78\x3d\x22\
\x31\x32\x22\x20\x63\x79\x3d\x22\x31\x32\x22\x20\x72\x3d\x22\x38\
\x22\x20\x66\x69\x6c\x6c\x3d\x22\x23\x44\x46\x45\x41\x44\x46\x22\
\x2f\x3e\x3c\x70\x61\x74\x68\x20\x64\x3d\x22\x6d\x38\x20\x31\x32\
\x20\x32\x2e\x37\x20\x32\x2e\x38\x20\x35\x2e\x36\x2d\x35\x2e\x38\
\x22\x2f\x3e\x0a\x3c\x2f\x73\x76\x67\x3e\x0a\
\x00\x00\x02\x15\
\x3c\
\x73\x76\x67\x20\x78\x6d\x6c\x6e\x73\x3d\x22\x68\x74\x74\x70\x3a\
\x2f\x2f\x77\x77\x77\x2e\x77\x33\x2e\x6f\x72\x67\x2f\x32\x30\x30\
\x30\x2f\x73\x76\x67\x22\x20\x77\x69\x64\x74\x68\x3d\x22\x32\x34\
\x22\x20\x68\x65\x69\x67\x68\x74\x3d\x22\x32\x34\x22\x20\x76\x69\
\x65\x77\x42\x6f\x78\x3d\x22\x30\x20\x30\x20\x32\x34\x20\x32\x34\
\x22\x20\x66\x69\x6c\x6c\x3d\x22\x6e\x6f\x6e\x65\x22\x20\x73\x74\
\x72\x6f\x6b\x65\x3d\x22\x23\x37\x35\x36\x42\x39\x45\x22\x20\x73\
\x74\x72\x6f\x6b\x65\x2d\x77\x69\x64\x74\x68\x3d\x22\x31\x2e\x38\
\x22\x20\x73\x74\x72\x6f\x6b\x65\x2d\x6c\x69\x6e\x65\x63\x61\x70\
\x3d\x22\x72\x6f\x75\x6e\x64\x22\x20\x73\x74\x72\x6f\x6b\x65\x2d\
\x6c\x69\x6e\x65\x6a\x6f\x69\x6e\x3d\x22\x72\x6f\x75\x6e\x64\x22\
\x3e\x0a\x20\x20\x3c\x72\x65\x63\x74\x20\x78\x3d\x22\x34\x2e\x35\
\x22\x20\x79\x3d\x22\x35\x22\x20\x77\x69\x64\x74\x68\x3d\x22\x31\
\x32\x22\x20\x68\x65\x69\x67\x68\x74\x3d\x22\x31\x32\x22\x20\x72\
\x78\x3d\x22\x32\x22\x20\x66\x69\x6c\x6c\x3d\x22\x23\x45\x36\x45\
\x32\x46\x30\x22\x2f\x3e\x0a\x20\x20\x3c\x72\x65\x63\x74\x20\x78\
\x3d\x22\x33\x2e\x36\x22\x20\x79\x3d\x22\x34\x2e\x31\x22\x20\x77\
\x69\x64\x74\x68\x3d\x22\x31\x2e\x38\x22\x20\x68\x65\x69\x67\x68\
\x74\x3d\x22\x31\x2e\x38\x22\x20\x72\x78\x3d\x22\x2e\x35\x22\x20\
\x66\x69\x6c\x6c\x3d\x22\x23\x37\x35\x36\x42\x39\x45\x22\x20\x73\
\x74\x72\x6f\x6b\x65\x3d\x22\x6e\x6f\x6e\x65\x22\x2f\x3e\x0a\x20\
\x20\x3c\x72\x65\x63\x74\x20\x78\x3d\x22\x31\x35\x2e\x36\x22\x20\
\x79\x3d\x22\x31\x36\x2e\x31\x22\x20\x77\x69\x64\x74\x68\x3d\x22\
\x31\x2e\x38\x22\x20\x68\x65\x69\x67\x68\x74\x3d\x22\x31\x2e\x38\
\x22\x20\x72\x78\x3d\x22\x2e\x35\x22\x20\x66\x69\x6c\x6c\x3d\x22\
\x23\x37\x35\x36\x42\x39\x45\x22\x20\x73\x74\x72\x6f\x6b\x65\x3d\
\x22\x6e\x6f\x6e\x65\x22\x2f\x3e\x0a\x20\x20\x3c\x70\x61\x74\x68\
\x20\x64\x3d\x22\x6d\x31\x33\x2e\x32\x20\x31\x39\x2e\x38\x2e\x38\
\x2d\x33\x20\x35\x2e\x33\x2d\x35\x2e\x33\x20\x32\x2e\x32\x20\x32\
\x2e\x32\x2d\x35\x2e\x33\x20\x35\x2e\x33\x5a\x22\x20\x66\x69\x6c\
\x6c\x3d\x22\x23\x45\x36\x45\x32\x46\x30\x22\x2f\x3e\x0a\x20\x20\
\x3c\x70\x61\x74\x68\x20\x64\x3d\x22\x6d\x31\x38\x20\x31\x32\x2e\
\x38\x20\x32\x2e\x32\x20\x32\x2e\x32\x22\x2f\x3e\x0a\x3c\x2f\x73\
\x76\x67\x3e\x0a\
\x00\x00\x01\x2c\
\x3c\
\x73\x76\x67\x20\x78\x6d\x6c\x6e\x73\x3d\x22\x68\x74\x74\x70\x3a\
\x2f\x2f\x77\x77\x77\x2e\x77\x33\x2e\x6f\x72\x67\x2f\x32\x30\x30\
\x30\x2f\x73\x76\x67\x22\x20\x77\x69\x64\x74\x68\x3d\x22\x32\x34\
\x22\x20\x68\x65\x69\x67\x68\x74\x3d\x22\x32\x34\x22\x20\x76\x69\
\x65\x77\x42\x6f\x78\x3d\x22\x30\x20\x30\x20\x32\x34\x20\x32\x34\
\x22\x20\x66\x69\x6c\x6c\x3d\x22\x6e\x6f\x6e\x65\x22\x20\x73\x74\
\x72\x6f\x6b\x65\x3d\x22\x23\x35\x36\x37\x37\x41\x36\x22\x20\x73\
\x74\x72\x6f\x6b\x65\x2d\x77\x69\x64\x74\x68\x3d\x22\x31\x2e\x38\
\x22\x20\x73\x74\x72\x6f\x6b\x65\x2d\x6c\x69\x6e\x65\x63\x61\x70\
\x3d\x22\x72\x6f\x75\x6e\x64\x22\x20\x73\x74\x72\x6f\x6b\x65\x2d\
\x6c\x69\x6e\x65\x6a\x6f\x69\x6e\x3d\x22\x72\x6f\x75\x6e\x64\x22\
\x3e\x0a\x20\x20\x3c\x70\x61\x74\x68\x20\x64\x3d\x22\x4d\x36\x20\
\x33\x2e\x35\x68\x38\x6c\x34\x20\x34\x76\x31\x33\x48\x36\x5a\x22\
\x20\x66\x69\x6c\x6c\x3d\x22\x23\x44\x43\x45\x36\x46\x32\x22\x2f\
\x3e\x3c\x70\x61\x74\x68\x20\x64\x3d\x22\x4d\x31\x34\x20\x33\x2e\
\x35\x76\x34\x68\x34\x22\x2f\x3e\x3c\x70\x61\x74\x68\x20\x64\x3d\
\x22\x4d\x39\x20\x31\x32\x68\x36\x4d\x39\x20\x31\x36\x68\x34\x22\
\x20\x73\x74\x72\x6f\x6b\x65\x3d\x22\x23\x34\x35\x35\x34\x36\x38\
\x22\x2f\x3e\x0a\x3c\x2f\x73\x76\x67\x3e\x0a\
\x00\x00\x01\x45\
\x3c\
\x73\x76\x67\x20\x78\x6d\x6c\x6e\x73\x3d\x22\x68\x74\x74\x70\x3a\
\x2f\x2f\x77\x77\x77\x2e\x77\x33\x2e\x6f\x72\x67\x2f\x32\x30\x30\
\x30\x2f\x73\x76\x67\x22\x20\x77\x69\x64\x74\x68\x3d\x22\x32\x34\
\x22\x20\x68\x65\x69\x67\x68\x74\x3d\x22\x32\x34\x22\x20\x76\x69\
\x65\x77\x42\x6f\x78\x3d\x22\x30\x20\x30\x20\x32\x34\x20\x32\x34\
\x22\x20\x66\x69\x6c\x6c\x3d\x22\x6e\x6f\x6e\x65\x22\x20\x73\x74\
\x72\x6f\x6b\x65\x3d\x22\x23\x37\x42\x36\x46\x39\x34\x22\x20\x73\
\x74\x72\x6f\x6b\x65\x2d\x77\x69\x64\x74\x68\x3d\x22\x31\x2e\x38\
\x22\x20\x73\x74\x72\x6f\x6b\x65\x2d\x6c\x69\x6e\x65\x63\x61\x70\
\x3d\x22\x72\x6f\x75\x6e\x64\x22\x20\x73\x74\x72\x6f\x6b\x65\x2d\
\x6c\x69\x6e\x65\x6a\x6f\x69\x6e\x3d\x22\x72\x6f\x75\x6e\x64\x22\
\x3e\x0a\x20\x20\x3c\x63\x69\x72\x63\x6c\x65\x20\x63\x78\x3d\x22\
\x31\x32\x22\x20\x63\x79\x3d\x22\x31\x32\x22\x20\x72\x3d\x22\x38\
\x22\x20\x66\x69\x6c\x6c\x3d\x22\x23\x45\x38\x45\x32\x45\x45\x22\
\x2f\x3e\x3c\x70\x61\x74\x68\x20\x64\x3d\x22\x4d\x39\x2e\x35\x20\
\x39\x61\x32\x2e\x37\x20\x32\x2e\x37\x20\x30\x20\x31\x20\x31\x20\
\x34\x2e\x32\x20\x32\x2e\x33\x63\x2d\x31\x2e\x32\x2e\x38\x2d\x31\
\x2e\x37\x20\x31\x2e\x34\x2d\x31\x2e\x37\x20\x32\x2e\x37\x4d\x31\
\x32\x20\x31\x37\x68\x2e\x30\x31\x22\x20\x73\x74\x72\x6f\x6b\x65\
\x3d\x22\x23\x34\x35\x35\x34\x36\x38\x22\x2f\x3e\x0a\x3c\x2f\x73\
\x76\x67\x3e\x0a\
\x00\x00\x01\x50\
\x3c\
\x73\x76\x67\x20\x78\x6d\x6c\x6e\x73\x3d\x22\x68\x74\x74\x70\x3a\
\x2f\x2f\x77\x77\x77\x2e\x77\x33\x2e\x6f\x72\x67\x2f\x32\x30\x30\
\x30\x2f\x73\x76\x67\x22\x20\x77\x69\x64\x74\x68\x3d\x22\x32\x34\
\x22\x20\x68\x65\x69\x67\x68\x74\x3d\x22\x32\x34\x22\x20\x76\x69\
\x65\x77\x42\x6f\x78\x3d\x22\x30\x20\x30\x20\x32\x34\x20\x32\x34\
\x22\x20\x66\x69\x6c\x6c\x3d\x22\x6e\x6f\x6e\x65\x22\x20\x73\x74\
\x72\x6f\x6b\x65\x3d\x22\x23\x36\x34\x37\x38\x38\x46\x22\x20\x73\
\x74\x72\x6f\x6b\x65\x2d\x77\x69\x64\x74\x68\x3d\x22\x31\x2e\x38\
\x22\x20\x73\x74\x72\x6f\x6b\x65\x2d\x6c\x69\x6e\x65\x63\x61\x70\
\x3d\x22\x72\x6f\x75\x6e\x64\x22\x20\x73\x74\x72\x6f\x6b\x65\x2d\
\x6c\x69\x6e\x65\x6a\x6f\x69\x6e\x3d\x22\x72\x6f\x75\x6e\x64\x22\
\x3e\x0a\x20\x20\x3c\x70\x61\x74\x68\x20\x64\x3d\x22\x4d\x33\x2e\
\x35\x20\x31\x32\x73\x33\x2e\x32\x2d\x35\x2e\x35\x20\x38\x2e\x35\
\x2d\x35\x2e\x35\x20\x38\x2e\x35\x20\x35\x2e\x35\x20\x38\x2e\x35\
\x20\x35\x2e\x35\x2d\x33\x2e\x32\x20\x35\x2e\x35\x2d\x38\x2e\x35\
\x20\x35\x2e\x35\x53\x33\x2e\x35\x20\x31\x32\x20\x33\x2e\x35\x20\
\x31\x32\x5a\x22\x20\x66\x69\x6c\x6c\x3d\x22\x23\x45\x32\x45\x38\
\x45\x45\x22\x2f\x3e\x3c\x63\x69\x72\x63\x6c\x65\x20\x63\x78\x3d\
\x22\x31\x32\x22\x20\x63\x79\x3d\x22\x31\x32\x22\x20\x72\x3d\x22\
\x32\x2e\x35\x22\x20\x73\x74\x72\x6f\x6b\x65\x3d\x22\x23\x34\x35\
\x35\x34\x36\x38\x22\x2f\x3e\x0a\x3c\x2f\x73\x76\x67\x3e\x0a\
\x00\x00\x01\x25\
\x3c\
\x73\x76\x67\x20\x78\x6d\x6c\x6e\x73\x3d\x22\x68\x74\x74\x70\x3a\
\x2f\x2f\x77\x77\x77\x2e\x77\x33\x2e\x6f\x72\x67\x2f\x32\x30\x30\
\x30\x2f\x73\x76\x67\x22\x20\x77\x69\x64\x74\x68\x3d\x22\x32\x34\
\x22\x20\x68\x65\x69\x67\x68\x74\x3d\x22\x32\x34\x22\x20\x76\x69\
\x65\x77\x42\x6f\x78\x3d\x22\x30\x20\x30\x20\x32\x34\x20\x32\x34\
\x22\x20\x66\x69\x6c\x6c\x3d\x22\x6e\x6f\x6e\x65\x22\x20\x73\x74\
\x72\x6f\x6b\x65\x3d\x22\x23\x35\x36\x37\x37\x41\x36\x22\x20\x73\
\x74\x72\x6f\x6b\x65\x2d\x77\x69\x64\x74\x68\x3d\x22\x31\x2e\x38\
\x22\x20\x73\x74\x72\x6f\x6b\x65\x2d\x6c\x69\x6e\x65\x63\x61\x70\
\x3d\x22\x72\x6f\x75\x6e\x64\x22\x20\x73\x74\x72\x6f\x6b\x65\x2d\
\x6c\x69\x6e\x65\x6a\x6f\x69\x6e\x3d\x22\x72\x6f\x75\x6e\x64\x22\
\x3e\x0a\x20\x20\x3c\x72\x65\x63\x74\x20\x78\x3d\x22\x34\x2e\x35\
\x22\x20\x79\x3d\x22\x35\x22\x20\x77\x69\x64\x74\x68\x3d\x22\x31\
\x35\x22\x20\x68\x65\x69\x67\x68\x74\x3d\x22\x31\x34\x22\x20\x72\
\x78\x3d\x22\x32\x22\x20\x66\x69\x6c\x6c\x3d\x22\x23\x44\x43\x45\
\x36\x46\x32\x22\x2f\x3e\x3c\x70\x61\x74\x68\x20\x64\x3d\x22\x6d\
\x31\x30\x20\x38\x20\x34\x20\x34\x2d\x34\x20\x34\x4d\x31\x34\x20\
\x38\x6c\x34\x20\x34\x2d\x34\x20\x34\x22\x2f\x3e\x0a\x3c\x2f\x73\
\x76\x67\x3e\x0a\
\x00\x00\x01\x65\
\x3c\
\x73\x76\x67\x20\x78\x6d\x6c\x6e\x73\x3d\x22\x68\x74\x74\x70\x3a\
\x2f\x2f\x77\x77\x77\x2e\x77\x33\x2e\x6f\x72\x67\x2f\x32\x30\x30\
\x30\x2f\x73\x76\x67\x22\x20\x77\x69\x64\x74\x68\x3d\x22\x32\x34\
\x22\x20\x68\x65\x69\x67\x68\x74\x3d\x22\x32\x34\x22\x20\x76\x69\
\x65\x77\x42\x6f\x78\x3d\x22\x30\x20\x30\x20\x32\x34\x20\x32\x34\
\x22\x20\x66\x69\x6c\x6c\x3d\x22\x6e\x6f\x6e\x65\x22\x20\x73\x74\
\x72\x6f\x6b\x65\x3d\x22\x23\x35\x36\x37\x37\x41\x36\x22\x20\x73\
\x74\x72\x6f\x6b\x65\x2d\x77\x69\x64\x74\x68\x3d\x22\x31\x2e\x38\
\x22\x20\x73\x74\x72\x6f\x6b\x65\x2d\x6c\x69\x6e\x65\x63\x61\x70\
\x3d\x22\x72\x6f\x75\x6e\x64\x22\x20\x73\x74\x72\x6f\x6b\x65\x2d\
\x6c\x69\x6e\x65\x6a\x6f\x69\x6e\x3d\x22\x72\x6f\x75\x6e\x64\x22\
\x3e\x0a\x20\x20\x3c\x70\x61\x74\x68\x20\x64\x3d\x22\x4d\x34\x20\
\x39\x56\x36\x2e\x38\x41\x31\x2e\x38\x20\x31\x2e\x38\x20\x30\x20\
\x30\x20\x31\x20\x35\x2e\x38\x20\x35\x68\x34\x6c\x32\x20\x32\x68\
\x36\x2e\x34\x41\x31\x2e\x38\x20\x31\x2e\x38\x20\x30\x20\x30\x20\
\x31\x20\x32\x30\x20\x38\x2e\x38\x56\x31\x30\x22\x20\x66\x69\x6c\
\x6c\x3d\x22\x23\x44\x43\x45\x36\x46\x32\x22\x2f\x3e\x3c\x70\x61\
\x74\x68\x20\x64\x3d\x22\x4d\x35\x20\x31\x30\x68\x31\x36\x6c\x2d\
\x33\x20\x39\x48\x34\x5a\x22\x20\x66\x69\x6c\x6c\x3d\x22\x23\x44\
\x43\x45\x36\x46\x32\x22\x2f\x3e\x3c\x70\x61\x74\x68\x20\x64\x3d\
\x22\x4d\x38\x20\x31\x34\x68\x37\x22\x20\x73\x74\x72\x6f\x6b\x65\
\x3d\x22\x23\x34\x35\x35\x34\x36\x38\x22\x2f\x3e\x0a\x3c\x2f\x73\
\x76\x67\x3e\x0a\
\x00\x00\x01\x26\
\x3c\
\x73\x76\x67\x20\x78\x6d\x6c\x6e\x73\x3d\x22\x68\x74\x74\x70\x3a\
\x2f\x2f\x77\x77\x77\x2e\x77\x33\x2e\x6f\x72\x67\x2f\x32\x30\x30\
\x30\x2f\x73\x76\x67\x22\x20\x77\x69\x64\x74\x68\x3d\x22\x32\x34\
\x22\x20\x68\x65\x69\x67\x68\x74\x3d\x22\x32\x34\x22\x20\x76\x69\
\x65\x77\x42\x6f\x78\x3d\x22\x30\x20\x30\x20\x32\x34\x20\x32\x34\
\x22\x20\x66\x69\x6c\x6c\x3d\x22\x6e\x6f\x6e\x65\x22\x20\x73\x74\
\x72\x6f\x6b\x65\x3d\x22\x23\x35\x36\x37\x37\x41\x36\x22\x20\x73\
\x74\x72\x6f\x6b\x65\x2d\x77\x69\x64\x74\x68\x3d\x22\x31\x2e\x38\
\x22\x20\x73\x74\x72\x6f\x6b\x65\x2d\x6c\x69\x6e\x65\x63\x61\x70\
\x3d\x22\x72\x6f\x75\x6e\x64\x22\x20\x73\x74\x72\x6f\x6b\x65\x2d\
\x6c\x69\x6e\x65\x6a\x6f\x69\x6e\x3d\x22\x72\x6f\x75\x6e\x64\x22\
\x3e\x0a\x20\x20\x3c\x72\x65\x63\x74\x20\x78\x3d\x22\x34\x2e\x35\
\x22\x20\x79\x3d\x22\x35\x22\x20\x77\x69\x64\x74\x68\x3d\x22\x31\
\x35\x22\x20\x68\x65\x69\x67\x68\x74\x3d\x22\x31\x34\x22\x20\x72\
\x78\x3d\x22\x32\x22\x20\x66\x69\x6c\x6c\x3d\x22\x23\x44\x43\x45\
\x36\x46\x32\x22\x2f\x3e\x3c\x70\x61\x74\x68\x20\x64\x3d\x22\x6d\
\x31\x34\x20\x38\x2d\x34\x20\x34\x20\x34\x20\x34\x4d\x31\x30\x20\
\x38\x6c\x2d\x34\x20\x34\x20\x34\x20\x34\x22\x2f\x3e\x0a\x3c\x2f\
\x73\x76\x67\x3e\x0a\
\x00\x00\x01\x32\
\x3c\
\x73\x76\x67\x20\x78\x6d\x6c\x6e\x73\x3d\x22\x68\x74\x74\x70\x3a\
\x2f\x2f\x77\x77\x77\x2e\x77\x33\x2e\x6f\x72\x67\x2f\x32\x30\x30\
\x30\x2f\x73\x76\x67\x22\x20\x77\x69\x64\x74\x68\x3d\x22\x32\x34\
\x22\x20\x68\x65\x69\x67\x68\x74\x3d\x22\x32\x34\x22\x20\x76\x69\
\x65\x77\x42\x6f\x78\x3d\x22\x30\x20\x30\x20\x32\x34\x20\x32\x34\
\x22\x20\x66\x69\x6c\x6c\x3d\x22\x6e\x6f\x6e\x65\x22\x20\x73\x74\
\x72\x6f\x6b\x65\x3d\x22\x23\x36\x34\x37\x38\x38\x46\x22\x20\x73\
\x74\x72\x6f\x6b\x65\x2d\x77\x69\x64\x74\x68\x3d\x22\x31\x2e\x38\
\x22\x20\x73\x74\x72\x6f\x6b\x65\x2d\x6c\x69\x6e\x65\x63\x61\x70\
\x3d\x22\x72\x6f\x75\x6e\x64\x22\x20\x73\x74\x72\x6f\x6b\x65\x2d\
\x6c\x69\x6e\x65\x6a\x6f\x69\x6e\x3d\x22\x72\x6f\x75\x6e\x64\x22\
\x3e\x0a\x20\x20\x3c\x63\x69\x72\x63\x6c\x65\x20\x63\x78\x3d\x22\
\x31\x32\x22\x20\x63\x79\x3d\x22\x31\x32\x22\x20\x72\x3d\x22\x37\
\x22\x20\x66\x69\x6c\x6c\x3d\x22\x23\x45\x32\x45\x38\x45\x45\x22\
\x20\x73\x74\x72\x6f\x6b\x65\x3d\x22\x6e\x6f\x6e\x65\x22\x2f\x3e\
\x3c\x70\x61\x74\x68\x20\x64\x3d\x22\x4d\x31\x35\x20\x37\x68\x34\
\x76\x2d\x34\x22\x2f\x3e\x3c\x70\x61\x74\x68\x20\x64\x3d\x22\x4d\
\x31\x38\x2e\x35\x20\x37\x41\x38\x20\x38\x20\x30\x20\x31\x20\x30\
\x20\x31\x39\x20\x31\x36\x22\x2f\x3e\x0a\x3c\x2f\x73\x76\x67\x3e\
\x0a\
\x00\x00\x01\x52\
\x3c\
\x73\x76\x67\x20\x78\x6d\x6c\x6e\x73\x3d\x22\x68\x74\x74\x70\x3a\
\x2f\x2f\x77\x77\x77\x2e\x77\x33\x2e\x6f\x72\x67\x2f\x32\x30\x30\
\x30\x2f\x73\x76\x67\x22\x20\x77\x69\x64\x74\x68\x3d\x22\x32\x34\
\x22\x20\x68\x65\x69\x67\x68\x74\x3d\x22\x32\x34\x22\x20\x76\x69\
\x65\x77\x42\x6f\x78\x3d\x22\x30\x20\x30\x20\x32\x34\x20\x32\x34\
\x22\x20\x66\x69\x6c\x6c\x3d\x22\x6e\x6f\x6e\x65\x22\x20\x73\x74\
\x72\x6f\x6b\x65\x3d\x22\x23\x41\x36\x35\x46\x35\x46\x22\x20\x73\
\x74\x72\x6f\x6b\x65\x2d\x77\x69\x64\x74\x68\x3d\x22\x31\x2e\x38\
\x22\x20\x73\x74\x72\x6f\x6b\x65\x2d\x6c\x69\x6e\x65\x63\x61\x70\
\x3d\x22\x72\x6f\x75\x6e\x64\x22\x20\x73\x74\x72\x6f\x6b\x65\x2d\
\x6c\x69\x6e\x65\x6a\x6f\x69\x6e\x3d\x22\x72\x6f\x75\x6e\x64\x22\
\x3e\x0a\x20\x20\x3c\x70\x61\x74\x68\x20\x64\x3d\x22\x4d\x34\x2e\
\x35\x20\x34\x68\x31\x30\x76\x31\x36\x68\x2d\x31\x30\x5a\x22\x20\
\x66\x69\x6c\x6c\x3d\x22\x23\x46\x31\x44\x45\x44\x45\x22\x2f\x3e\
\x3c\x70\x61\x74\x68\x20\x64\x3d\x22\x4d\x31\x30\x20\x31\x32\x48\
\x32\x31\x4d\x31\x37\x2e\x35\x20\x38\x2e\x35\x20\x32\x31\x20\x31\
\x32\x6c\x2d\x33\x2e\x35\x20\x33\x2e\x35\x22\x2f\x3e\x3c\x63\x69\
\x72\x63\x6c\x65\x20\x63\x78\x3d\x22\x38\x22\x20\x63\x79\x3d\x22\
\x31\x32\x22\x20\x72\x3d\x22\x2e\x39\x22\x20\x66\x69\x6c\x6c\x3d\
\x22\x23\x34\x35\x35\x34\x36\x38\x22\x20\x73\x74\x72\x6f\x6b\x65\
\x3d\x22\x6e\x6f\x6e\x65\x22\x2f\x3e\x0a\x3c\x2f\x73\x76\x67\x3e\
\x0a\
\x00\x00\x01\x4c\
\x3c\
\x73\x76\x67\x20\x78\x6d\x6c\x6e\x73\x3d\x22\x68\x74\x74\x70\x3a\
\x2f\x2f\x77\x77\x77\x2e\x77\x33\x2e\x6f\x72\x67\x2f\x32\x30\x30\
\x30\x2f\x73\x76\x67\x22\x20\x77\x69\x64\x74\x68\x3d\x22\x32\x34\
\x22\x20\x68\x65\x69\x67\x68\x74\x3d\x22\x32\x34\x22\x20\x76\x69\
\x65\x77\x42\x6f\x78\x3d\x22\x30\x20\x30\x20\x32\x34\x20\x32\x34\
\x22\x20\x66\x69\x6c\x6c\x3d\x22\x6e\x6f\x6e\x65\x22\x20\x73\x74\
\x72\x6f\x6b\x65\x3d\x22\x23\x35\x36\x37\x37\x41\x36\x22\x20\x73\
\x74\x72\x6f\x6b\x65\x2d\x77\x69\x64\x74\x68\x3d\x22\x31\x2e\x38\
\x22\x20\x73\x74\x72\x6f\x6b\x65\x2d\x6c\x69\x6e\x65\x63\x61\x70\
\x3d\x22\x72\x6f\x75\x6e\x64\x22\x20\x73\x74\x72\x6f\x6b\x65\x2d\
\x6c\x69\x6e\x65\x6a\x6f\x69\x6e\x3d\x22\x72\x6f\x75\x6e\x64\x22\
\x3e\x0a\x20\x20\x3c\x70\x61\x74\x68\x20\x64\x3d\x22\x4d\x35\x2e\
\x35\x20\x34\x2e\x35\x68\x31\x30\x2e\x32\x6c\x32\x2e\x38\x20\x32\
\x2e\x38\x76\x31\x32\x2e\x32\x68\x2d\x31\x33\x5a\x22\x20\x66\x69\
\x6c\x6c\x3d\x22\x23\x44\x43\x45\x36\x46\x32\x22\x2f\x3e\x0a\x20\
\x20\x3c\x70\x61\x74\x68\x20\x64\x3d\x22\x4d\x38\x2e\x35\x20\x34\
\x2e\x35\x76\x34\x2e\x38\x68\x37\x56\x34\x2e\x35\x22\x20\x73\x74\
\x72\x6f\x6b\x65\x3d\x22\x23\x34\x35\x35\x34\x36\x38\x22\x2f\x3e\
\x0a\x20\x20\x3c\x70\x61\x74\x68\x20\x64\x3d\x22\x4d\x39\x2e\x35\
\x20\x31\x35\x2e\x35\x68\x35\x4d\x39\x2e\x35\x20\x31\x38\x68\x33\
\x22\x2f\x3e\x0a\x3c\x2f\x73\x76\x67\x3e\x0a\
\x00\x00\x01\x2f\
\x3c\
\x73\x76\x67\x20\x78\x6d\x6c\x6e\x73\x3d\x22\x68\x74\x74\x70\x3a\
\x2f\x2f\x77\x77\x77\x2e\x77\x33\x2e\x6f\x72\x67\x2f\x32\x30\x30\
\x30\x2f\x73\x76\x67\x22\x20\x77\x69\x64\x74\x68\x3d\x22\x32\x34\
\x22\x20\x68\x65\x69\x67\x68\x74\x3d\x22\x32\x34\x22\x20\x76\x69\
\x65\x77\x42\x6f\x78\x3d\x22\x30\x20\x30\x20\x32\x34\x20\x32\x34\
\x22\x20\x66\x69\x6c\x6c\x3d\x22\x6e\x6f\x6e\x65\x22\x20\x73\x74\
\x72\x6f\x6b\x65\x3d\x22\x23\x36\x34\x37\x38\x38\x46\x22\x20\x73\
\x74\x72\x6f\x6b\x65\x2d\x77\x69\x64\x74\x68\x3d\x22\x31\x2e\x38\
\x22\x20\x73\x74\x72\x6f\x6b\x65\x2d\x6c\x69\x6e\x65\x63\x61\x70\
\x3d\x22\x72\x6f\x75\x6e\x64\x22\x20\x73\x74\x72\x6f\x6b\x65\x2d\
\x6c\x69\x6e\x65\x6a\x6f\x69\x6e\x3d\x22\x72\x6f\x75\x6e\x64\x22\
\x3e\x0a\x20\x20\x3c\x63\x69\x72\x63\x6c\x65\x20\x63\x78\x3d\x22\
\x31\x32\x22\x20\x63\x79\x3d\x22\x31\x32\x22\x20\x72\x3d\x22\x37\
\x22\x20\x66\x69\x6c\x6c\x3d\x22\x23\x45\x32\x45\x38\x45\x45\x22\
\x20\x73\x74\x72\x6f\x6b\x65\x3d\x22\x6e\x6f\x6e\x65\x22\x2f\x3e\
\x3c\x70\x61\x74\x68\x20\x64\x3d\x22\x4d\x39\x20\x37\x48\x35\x76\
\x2d\x34\x22\x2f\x3e\x3c\x70\x61\x74\x68\x20\x64\x3d\x22\x4d\x35\
\x2e\x35\x20\x37\x41\x38\x20\x38\x20\x30\x20\x31\x20\x31\x20\x35\
\x20\x31\x36\x22\x2f\x3e\x0a\x3c\x2f\x73\x76\x67\x3e\x0a\
\x00\x00\x01\x4d\
\x3c\
\x73\x76\x67\x20\x78\x6d\x6c\x6e\x73\x3d\x22\x68\x74\x74\x70\x3a\
\x2f\x2f\x77\x77\x77\x2e\x77\x33\x2e\x6f\x72\x67\x2f\x32\x30\x30\
\x30\x2f\x73\x76\x67\x22\x20\x77\x69\x64\x74\x68\x3d\x22\x32\x34\
\x22\x20\x68\x65\x69\x67\x68\x74\x3d\x22\x32\x34\x22\x20\x76\x69\
\x65\x77\x42\x6f\x78\x3d\x22\x30\x20\x30\x20\x32\x34\x20\x32\x34\
\x22\x20\x66\x69\x6c\x6c\x3d\x22\x6e\x6f\x6e\x65\x22\x20\x73\x74\
\x72\x6f\x6b\x65\x3d\x22\x23\x36\x34\x37\x38\x38\x46\x22\x20\x73\
\x74\x72\x6f\x6b\x65\x2d\x77\x69\x64\x74\x68\x3d\x22\x31\x2e\x38\
\x22\x20\x73\x74\x72\x6f\x6b\x65\x2d\x6c\x69\x6e\x65\x63\x61\x70\
\x3d\x22\x72\x6f\x75\x6e\x64\x22\x20\x73\x74\x72\x6f\x6b\x65\x2d\
\x6c\x69\x6e\x65\x6a\x6f\x69\x6e\x3d\x22\x72\x6f\x75\x6e\x64\x22\
\x3e\x0a\x20\x20\x3c\x63\x69\x72\x63\x6c\x65\x20\x63\x78\x3d\x22\
\x31\x30\x2e\x35\x22\x20\x63\x79\x3d\x22\x31\x30\x2e\x35\x22\x20\
\x72\x3d\x22\x35\x2e\x35\x22\x20\x66\x69\x6c\x6c\x3d\x22\x23\x45\
\x32\x45\x38\x45\x45\x22\x2f\x3e\x3c\x63\x69\x72\x63\x6c\x65\x20\
\x63\x78\x3d\x22\x31\x30\x2e\x35\x22\x20\x63\x79\x3d\x22\x31\x30\
\x2e\x35\x22\x20\x72\x3d\x22\x31\x2e\x32\x22\x20\x66\x69\x6c\x6c\
\x3d\x22\x23\x34\x35\x35\x34\x36\x38\x22\x20\x73\x74\x72\x6f\x6b\
\x65\x3d\x22\x6e\x6f\x6e\x65\x22\x2f\x3e\x3c\x70\x61\x74\x68\x20\
\x64\x3d\x22\x6d\x31\x34\x2e\x35\x20\x31\x34\x2e\x35\x20\x35\x20\
\x35\x22\x2f\x3e\x0a\x3c\x2f\x73\x76\x67\x3e\x0a\
\x00\x00\x01\x4f\
\x3c\
\x73\x76\x67\x20\x78\x6d\x6c\x6e\x73\x3d\x22\x68\x74\x74\x70\x3a\
\x2f\x2f\x77\x77\x77\x2e\x77\x33\x2e\x6f\x72\x67\x2f\x32\x30\x30\
\x30\x2f\x73\x76\x67\x22\x20\x77\x69\x64\x74\x68\x3d\x22\x32\x34\
\x22\x20\x68\x65\x69\x67\x68\x74\x3d\x22\x32\x34\x22\x20\x76\x69\
\x65\x77\x42\x6f\x78\x3d\x22\x30\x20\x30\x20\x32\x34\x20\x32\x34\
\x22\x20\x66\x69\x6c\x6c\x3d\x22\x6e\x6f\x6e\x65\x22\x20\x73\x74\
\x72\x6f\x6b\x65\x3d\x22\x23\x37\x42\x36\x46\x39\x34\x22\x20\x73\
\x74\x72\x6f\x6b\x65\x2d\x77\x69\x64\x74\x68\x3d\x22\x31\x2e\x38\
\x22\x20\x73\x74\x72\x6f\x6b\x65\x2d\x6c\x69\x6e\x65\x63\x61\x70\
\x3d\x22\x72\x6f\x75\x6e\x64\x22\x20\x73\x74\x72\x6f\x6b\x65\x2d\
\x6c\x69\x6e\x65\x6a\x6f\x69\x6e\x3d\x22\x72\x6f\x75\x6e\x64\x22\
\x3e\x0a\x20\x20\x3c\x63\x69\x72\x63\x6c\x65\x20\x63\x78\x3d\x22\
\x31\x32\x22\x20\x63\x79\x3d\x22\x31\x32\x22\x20\x72\x3d\x22\x38\
\x22\x20\x66\x69\x6c\x6c\x3d\x22\x23\x45\x38\x45\x32\x45\x45\x22\
\x2f\x3e\x3c\x70\x61\x74\x68\x20\x64\x3d\x22\x4d\x31\x32\x20\x31\
\x30\x2e\x35\x76\x35\x22\x20\x73\x74\x72\x6f\x6b\x65\x3d\x22\x23\
\x34\x35\x35\x34\x36\x38\x22\x2f\x3e\x3c\x63\x69\x72\x63\x6c\x65\
\x20\x63\x78\x3d\x22\x31\x32\x22\x20\x63\x79\x3d\x22\x37\x2e\x35\
\x22\x20\x72\x3d\x22\x31\x22\x20\x66\x69\x6c\x6c\x3d\x22\x23\x34\
\x35\x35\x34\x36\x38\x22\x20\x73\x74\x72\x6f\x6b\x65\x3d\x22\x6e\
\x6f\x6e\x65\x22\x2f\x3e\x0a\x3c\x2f\x73\x76\x67\x3e\x0a\
\x00\x00\x01\x27\
\x3c\
\x73\x76\x67\x20\x78\x6d\x6c\x6e\x73\x3d\x22\x68\x74\x74\x70\x3a\
\x2f\x2f\x77\x77\x77\x2e\x77\x33\x2e\x6f\x72\x67\x2f\x32\x30\x30\
\x30\x2f\x73\x76\x67\x22\x20\x77\x69\x64\x74\x68\x3d\x22\x32\x34\
\x22\x20\x68\x65\x69\x67\x68\x74\x3d\x22\x32\x34\x22\x20\x76\x69\
\x65\x77\x42\x6f\x78\x3d\x22\x30\x20\x30\x20\x32\x34\x20\x32\x34\
\x22\x20\x66\x69\x6c\x6c\x3d\x22\x6e\x6f\x6e\x65\x22\x20\x73\x74\
\x72\x6f\x6b\x65\x3d\x22\x23\x41\x36\x35\x46\x35\x46\x22\x20\x73\
\x74\x72\x6f\x6b\x65\x2d\x77\x69\x64\x74\x68\x3d\x22\x31\x2e\x38\
\x22\x20\x73\x74\x72\x6f\x6b\x65\x2d\x6c\x69\x6e\x65\x63\x61\x70\
\x3d\x22\x72\x6f\x75\x6e\x64\x22\x20\x73\x74\x72\x6f\x6b\x65\x2d\
\x6c\x69\x6e\x65\x6a\x6f\x69\x6e\x3d\x22\x72\x6f\x75\x6e\x64\x22\
\x3e\x0a\x20\x20\x3c\x72\x65\x63\x74\x20\x78\x3d\x22\x34\x2e\x35\
\x22\x20\x79\x3d\x22\x34\x2e\x35\x22\x20\x77\x69\x64\x74\x68\x3d\
\x22\x31\x35\x22\x20\x68\x65\x69\x67\x68\x74\x3d\x22\x31\x35\x22\
\x20\x72\x78\x3d\x22\x33\x22\x20\x66\x69\x6c\x6c\x3d\x22\x23\x46\
\x31\x44\x45\x44\x45\x22\x2f\x3e\x3c\x70\x61\x74\x68\x20\x64\x3d\
\x22\x6d\x38\x2e\x35\x20\x38\x2e\x35\x20\x37\x20\x37\x4d\x31\x35\
\x2e\x35\x20\x38\x2e\x35\x6c\x2d\x37\x20\x37\x22\x2f\x3e\x0a\x3c\
\x2f\x73\x76\x67\x3e\x0a\
\x00\x00\x01\x52\
\x3c\
\x73\x76\x67\x20\x78\x6d\x6c\x6e\x73\x3d\x22\x68\x74\x74\x70\x3a\
\x2f\x2f\x77\x77\x77\x2e\x77\x33\x2e\x6f\x72\x67\x2f\x32\x30\x30\
\x30\x2f\x73\x76\x67\x22\x20\x77\x69\x64\x74\x68\x3d\x22\x32\x34\
\x22\x20\x68\x65\x69\x67\x68\x74\x3d\x22\x32\x34\x22\x20\x76\x69\
\x65\x77\x42\x6f\x78\x3d\x22\x30\x20\x30\x20\x32\x34\x20\x32\x34\
\x22\x20\x66\x69\x6c\x6c\x3d\x22\x6e\x6f\x6e\x65\x22\x20\x73\x74\
\x72\x6f\x6b\x65\x3d\x22\x23\x37\x35\x36\x42\x39\x45\x22\x20\x73\
\x74\x72\x6f\x6b\x65\x2d\x77\x69\x64\x74\x68\x3d\x22\x31\x2e\x38\
\x22\x20\x73\x74\x72\x6f\x6b\x65\x2d\x6c\x69\x6e\x65\x63\x61\x70\
\x3d\x22\x72\x6f\x75\x6e\x64\x22\x20\x73\x74\x72\x6f\x6b\x65\x2d\
\x6c\x69\x6e\x65\x6a\x6f\x69\x6e\x3d\x22\x72\x6f\x75\x6e\x64\x22\
\x3e\x0a\x20\x20\x3c\x70\x61\x74\x68\x20\x64\x3d\x22\x4d\x31\x32\
\x20\x33\x2e\x35\x63\x33\x2e\x35\x20\x34\x20\x35\x2e\x35\x20\x37\
\x20\x35\x2e\x35\x20\x31\x30\x41\x35\x2e\x35\x20\x35\x2e\x35\x20\
\x30\x20\x30\x20\x31\x20\x36\x2e\x35\x20\x31\x33\x2e\x35\x63\x30\
\x2d\x33\x20\x32\x2d\x36\x20\x35\x2e\x35\x2d\x31\x30\x5a\x22\x20\
\x66\x69\x6c\x6c\x3d\x22\x23\x45\x36\x45\x32\x46\x30\x22\x2f\x3e\
\x3c\x70\x61\x74\x68\x20\x64\x3d\x22\x4d\x39\x20\x31\x34\x2e\x35\
\x63\x2e\x38\x20\x31\x2e\x33\x20\x31\x2e\x38\x20\x31\x2e\x38\x20\
\x33\x20\x31\x2e\x38\x22\x20\x73\x74\x72\x6f\x6b\x65\x3d\x22\x23\
\x34\x35\x35\x34\x36\x38\x22\x2f\x3e\x0a\x3c\x2f\x73\x76\x67\x3e\
\x0a\
\x00\x00\x01\x77\
\x3c\
\x73\x76\x67\x20\x78\x6d\x6c\x6e\x73\x3d\x22\x68\x74\x74\x70\x3a\
\x2f\x2f\x77\x77\x77\x2e\x77\x33\x2e\x6f\x72\x67\x2f\x32\x30\x30\
\x30\x2f\x73\x76\x67\x22\x20\x77\x69\x64\x74\x68\x3d\x22\x32\x34\
\x22\x20\x68\x65\x69\x67\x68\x74\x3d\x22\x32\x34\x22\x20\x76\x69\
\x65\x77\x42\x6f\x78\x3d\x22\x30\x20\x30\x20\x32\x34\x20\x32\x34\
\x22\x20\x66\x69\x6c\x6c\x3d\x22\x6e\x6f\x6e\x65\x22\x20\x73\x74\
\x72\x6f\x6b\x65\x3d\x22\x23\x35\x36\x37\x37\x41\x36\x22\x20\x73\
\x74\x72\x6f\x6b\x65\x2d\x77\x69\x64\x74\x68\x3d\x22\x31\x2e\x38\
\x22\x20\x73\x74\x72\x6f\x6b\x65\x2d\x6c\x69\x6e\x65\x63\x61\x70\
\x3d\x22\x72\x6f\x75\x6e\x64\x22\x20\x73\x74\x72\x6f\x6b\x65\x2d\
\x6c\x69\x6e\x65\x6a\x6f\x69\x6e\x3d\x22\x72\x6f\x75\x6e\x64\x22\
\x3e\x0a\x20\x20\x3c\x72\x65\x63\x74\x20\x78\x3d\x22\x35\x22\x20\
\x79\x3d\x22\x35\x22\x20\x77\x69\x64\x74\x68\x3d\x22\x31\x34\x22\
\x20\x68\x65\x69\x67\x68\x74\x3d\x22\x31\x36\x22\x20\x72\x78\x3d\
\x22\x32\x22\x20\x66\x69\x6c\x6c\x3d\x22\x23\x44\x43\x45\x36\x46\
\x32\x22\x2f\x3e\x3c\x72\x65\x63\x74\x20\x78\x3d\x22\x39\x22\x20\
\x79\x3d\x22\x33\x22\x20\x77\x69\x64\x74\x68\x3d\x22\x36\x22\x20\
\x68\x65\x69\x67\x68\x74\x3d\x22\x34\x22\x20\x72\x78\x3d\x22\x31\
\x22\x20\x66\x69\x6c\x6c\x3d\x22\x23\x44\x43\x45\x36\x46\x32\x22\
\x20\x73\x74\x72\x6f\x6b\x65\x3d\x22\x23\x34\x35\x35\x34\x36\x38\
\x22\x2f\x3e\x3c\x70\x61\x74\x68\x20\x64\x3d\x22\x4d\x39\x20\x31\
\x32\x68\x36\x4d\x39\x20\x31\x36\x68\x34\x22\x20\x73\x74\x72\x6f\
\x6b\x65\x3d\x22\x23\x34\x35\x35\x34\x36\x38\x22\x2f\x3e\x0a\x3c\
\x2f\x73\x76\x67\x3e\x0a\
\x00\x00\x01\x6e\
\x3c\
\x73\x76\x67\x20\x78\x6d\x6c\x6e\x73\x3d\x22\x68\x74\x74\x70\x3a\
\x2f\x2f\x77\x77\x77\x2e\x77\x33\x2e\x6f\x72\x67\x2f\x32\x30\x30\
\x30\x2f\x73\x76\x67\x22\x20\x77\x69\x64\x74\x68\x3d\x22\x32\x34\
\x22\x20\x68\x65\x69\x67\x68\x74\x3d\x22\x32\x34\x22\x20\x76\x69\
\x65\x77\x42\x6f\x78\x3d\x22\x30\x20\x30\x20\x32\x34\x20\x32\x34\
\x22\x20\x66\x69\x6c\x6c\x3d\x22\x6e\x6f\x6e\x65\x22\x20\x73\x74\
\x72\x6f\x6b\x65\x3d\x22\x23\x37\x35\x36\x42\x39\x45\x22\x20\x73\
\x74\x72\x6f\x6b\x65\x2d\x77\x69\x64\x74\x68\x3d\x22\x31\x2e\x38\
\x22\x20\x73\x74\x72\x6f\x6b\x65\x2d\x6c\x69\x6e\x65\x63\x61\x70\
\x3d\x22\x72\x6f\x75\x6e\x64\x22\x20\x73\x74\x72\x6f\x6b\x65\x2d\
\x6c\x69\x6e\x65\x6a\x6f\x69\x6e\x3d\x22\x72\x6f\x75\x6e\x64\x22\
\x3e\x0a\x20\x20\x3c\x72\x65\x63\x74\x20\x78\x3d\x22\x34\x22\x20\
\x79\x3d\x22\x35\x22\x20\x77\x69\x64\x74\x68\x3d\x22\x31\x33\x22\
\x20\x68\x65\x69\x67\x68\x74\x3d\x22\x31\x33\x22\x20\x72\x78\x3d\
\x22\x32\x22\x20\x66\x69\x6c\x6c\x3d\x22\x23\x45\x36\x45\x32\x46\
\x30\x22\x2f\x3e\x3c\x70\x61\x74\x68\x20\x64\x3d\x22\x4d\x31\x33\
\x20\x38\x68\x37\x76\x35\x6c\x2d\x33\x2e\x35\x20\x33\x2e\x35\x4c\
\x31\x33\x20\x31\x33\x5a\x22\x20\x66\x69\x6c\x6c\x3d\x22\x23\x45\
\x36\x45\x32\x46\x30\x22\x2f\x3e\x3c\x63\x69\x72\x63\x6c\x65\x20\
\x63\x78\x3d\x22\x31\x36\x22\x20\x63\x79\x3d\x22\x31\x31\x22\x20\
\x72\x3d\x22\x2e\x38\x22\x20\x66\x69\x6c\x6c\x3d\x22\x23\x34\x35\
\x35\x34\x36\x38\x22\x20\x73\x74\x72\x6f\x6b\x65\x3d\x22\x6e\x6f\
\x6e\x65\x22\x2f\x3e\x0a\x3c\x2f\x73\x76\x67\x3e\x0a\
\x00\x00\x01\x37\
\x3c\
\x73\x76\x67\x20\x78\x6d\x6c\x6e\x73\x3d\x22\x68\x74\x74\x70\x3a\
\x2f\x2f\x77\x77\x77\x2e\x77\x33\x2e\x6f\x72\x67\x2f\x32\x30\x30\
\x30\x2f\x73\x76\x67\x22\x20\x77\x69\x64\x74\x68\x3d\x22\x32\x34\
\x22\x20\x68\x65\x69\x67\x68\x74\x3d\x22\x32\x34\x22\x20\x76\x69\
\x65\x77\x42\x6f\x78\x3d\x22\x30\x20\x30\x20\x32\x34\x20\x32\x34\
\x22\x20\x66\x69\x6c\x6c\x3d\x22\x6e\x6f\x6e\x65\x22\x20\x73\x74\
\x72\x6f\x6b\x65\x3d\x22\x23\x36\x34\x37\x38\x38\x46\x22\x20\x73\
\x74\x72\x6f\x6b\x65\x2d\x77\x69\x64\x74\x68\x3d\x22\x31\x2e\x38\
\x22\x20\x73\x74\x72\x6f\x6b\x65\x2d\x6c\x69\x6e\x65\x63\x61\x70\
\x3d\x22\x72\x6f\x75\x6e\x64\x22\x20\x73\x74\x72\x6f\x6b\x65\x2d\
\x6c\x69\x6e\x65\x6a\x6f\x69\x6e\x3d\x22\x72\x6f\x75\x6e\x64\x22\
\x3e\x0a\x20\x20\x3c\x63\x69\x72\x63\x6c\x65\x20\x63\x78\x3d\x22\
\x31\x30\x2e\x35\x22\x20\x63\x79\x3d\x22\x31\x30\x2e\x35\x22\x20\
\x72\x3d\x22\x35\x2e\x35\x22\x20\x66\x69\x6c\x6c\x3d\x22\x23\x45\
\x32\x45\x38\x45\x45\x22\x2f\x3e\x0a\x20\x20\x3c\x70\x61\x74\x68\
\x20\x64\x3d\x22\x4d\x31\x30\x2e\x35\x20\x37\x2e\x38\x76\x35\x2e\
\x34\x4d\x37\x2e\x38\x20\x31\x30\x2e\x35\x68\x35\x2e\x34\x22\x2f\
\x3e\x0a\x20\x20\x3c\x70\x61\x74\x68\x20\x64\x3d\x22\x6d\x31\x34\
\x2e\x35\x20\x31\x34\x2e\x35\x20\x35\x20\x35\x22\x2f\x3e\x0a\x3c\
\x2f\x73\x76\x67\x3e\x0a\
\x00\x00\x01\x40\
\x3c\
\x73\x76\x67\x20\x78\x6d\x6c\x6e\x73\x3d\x22\x68\x74\x74\x70\x3a\
\x2f\x2f\x77\x77\x77\x2e\x77\x33\x2e\x6f\x72\x67\x2f\x32\x30\x30\
\x30\x2f\x73\x76\x67\x22\x20\x77\x69\x64\x74\x68\x3d\x22\x32\x34\
\x22\x20\x68\x65\x69\x67\x68\x74\x3d\x22\x32\x34\x22\x20\x76\x69\
\x65\x77\x42\x6f\x78\x3d\x22\x30\x20\x30\x20\x32\x34\x20\x32\x34\
\x22\x20\x66\x69\x6c\x6c\x3d\x22\x6e\x6f\x6e\x65\x22\x20\x73\x74\
\x72\x6f\x6b\x65\x3d\x22\x23\x34\x46\x38\x35\x38\x32\x22\x20\x73\
\x74\x72\x6f\x6b\x65\x2d\x77\x69\x64\x74\x68\x3d\x22\x31\x2e\x38\
\x22\x20\x73\x74\x72\x6f\x6b\x65\x2d\x6c\x69\x6e\x65\x63\x61\x70\
\x3d\x22\x72\x6f\x75\x6e\x64\x22\x20\x73\x74\x72\x6f\x6b\x65\x2d\
\x6c\x69\x6e\x65\x6a\x6f\x69\x6e\x3d\x22\x72\x6f\x75\x6e\x64\x22\
\x3e\x0a\x20\x20\x3c\x70\x61\x74\x68\x20\x64\x3d\x22\x4d\x31\x30\
\x2e\x35\x20\x35\x20\x34\x2e\x35\x20\x31\x32\x6c\x36\x20\x37\x5a\
\x22\x20\x66\x69\x6c\x6c\x3d\x22\x23\x44\x43\x45\x42\x45\x38\x22\
\x2f\x3e\x3c\x70\x61\x74\x68\x20\x64\x3d\x22\x4d\x31\x33\x2e\x35\
\x20\x35\x20\x31\x39\x2e\x35\x20\x31\x32\x6c\x2d\x36\x20\x37\x5a\
\x22\x20\x66\x69\x6c\x6c\x3d\x22\x23\x44\x43\x45\x42\x45\x38\x22\
\x2f\x3e\x3c\x70\x61\x74\x68\x20\x64\x3d\x22\x4d\x31\x32\x20\x34\
\x76\x31\x36\x22\x20\x73\x74\x72\x6f\x6b\x65\x3d\x22\x23\x34\x35\
\x35\x34\x36\x38\x22\x2f\x3e\x0a\x3c\x2f\x73\x76\x67\x3e\x0a\
\x00\x00\x01\x46\
\x3c\
\x73\x76\x67\x20\x78\x6d\x6c\x6e\x73\x3d\x22\x68\x74\x74\x70\x3a\
\x2f\x2f\x77\x77\x77\x2e\x77\x33\x2e\x6f\x72\x67\x2f\x32\x30\x30\
\x30\x2f\x73\x76\x67\x22\x20\x77\x69\x64\x74\x68\x3d\x22\x32\x34\
\x22\x20\x68\x65\x69\x67\x68\x74\x3d\x22\x32\x34\x22\x20\x76\x69\
\x65\x77\x42\x6f\x78\x3d\x22\x30\x20\x30\x20\x32\x34\x20\x32\x34\
\x22\x20\x66\x69\x6c\x6c\x3d\x22\x6e\x6f\x6e\x65\x22\x20\x73\x74\
\x72\x6f\x6b\x65\x3d\x22\x23\x37\x35\x36\x42\x39\x45\x22\x20\x73\
\x74\x72\x6f\x6b\x65\x2d\x77\x69\x64\x74\x68\x3d\x22\x31\x2e\x38\
\x22\x20\x73\x74\x72\x6f\x6b\x65\x2d\x6c\x69\x6e\x65\x63\x61\x70\
\x3d\x22\x72\x6f\x75\x6e\x64\x22\x20\x73\x74\x72\x6f\x6b\x65\x2d\
\x6c\x69\x6e\x65\x6a\x6f\x69\x6e\x3d\x22\x72\x6f\x75\x6e\x64\x22\
\x3e\x0a\x20\x20\x3c\x70\x61\x74\x68\x20\x64\x3d\x22\x4d\x36\x20\
\x33\x2e\x35\x68\x38\x6c\x34\x20\x34\x76\x31\x33\x48\x36\x5a\x22\
\x20\x66\x69\x6c\x6c\x3d\x22\x23\x45\x36\x45\x32\x46\x30\x22\x2f\
\x3e\x3c\x70\x61\x74\x68\x20\x64\x3d\x22\x4d\x31\x34\x20\x33\x2e\
\x35\x76\x34\x68\x34\x22\x2f\x3e\x3c\x72\x65\x63\x74\x20\x78\x3d\
\x22\x38\x2e\x35\x22\x20\x79\x3d\x22\x31\x31\x22\x20\x77\x69\x64\
\x74\x68\x3d\x22\x37\x22\x20\x68\x65\x69\x67\x68\x74\x3d\x22\x35\
\x2e\x35\x22\x20\x72\x78\x3d\x22\x31\x22\x20\x73\x74\x72\x6f\x6b\
\x65\x3d\x22\x23\x34\x35\x35\x34\x36\x38\x22\x2f\x3e\x0a\x3c\x2f\
\x73\x76\x67\x3e\x0a\
\x00\x00\x01\x52\
\x3c\
\x73\x76\x67\x20\x78\x6d\x6c\x6e\x73\x3d\x22\x68\x74\x74\x70\x3a\
\x2f\x2f\x77\x77\x77\x2e\x77\x33\x2e\x6f\x72\x67\x2f\x32\x30\x30\
\x30\x2f\x73\x76\x67\x22\x20\x77\x69\x64\x74\x68\x3d\x22\x32\x34\
\x22\x20\x68\x65\x69\x67\x68\x74\x3d\x22\x32\x34\x22\x20\x76\x69\
\x65\x77\x42\x6f\x78\x3d\x22\x30\x20\x30\x20\x32\x34\x20\x32\x34\
\x22\x20\x66\x69\x6c\x6c\x3d\x22\x6e\x6f\x6e\x65\x22\x20\x73\x74\
\x72\x6f\x6b\x65\x3d\x22\x23\x34\x46\x38\x35\x38\x32\x22\x20\x73\
\x74\x72\x6f\x6b\x65\x2d\x77\x69\x64\x74\x68\x3d\x22\x31\x2e\x38\
\x22\x20\x73\x74\x72\x6f\x6b\x65\x2d\x6c\x69\x6e\x65\x63\x61\x70\
\x3d\x22\x72\x6f\x75\x6e\x64\x22\x20\x73\x74\x72\x6f\x6b\x65\x2d\
\x6c\x69\x6e\x65\x6a\x6f\x69\x6e\x3d\x22\x72\x6f\x75\x6e\x64\x22\
\x3e\x0a\x20\x20\x3c\x72\x65\x63\x74\x20\x78\x3d\x22\x34\x22\x20\
\x79\x3d\x22\x35\x22\x20\x77\x69\x64\x74\x68\x3d\x22\x31\x36\x22\
\x20\x68\x65\x69\x67\x68\x74\x3d\x22\x31\x34\x22\x20\x72\x78\x3d\
\x22\x32\x22\x20\x66\x69\x6c\x6c\x3d\x22\x23\x44\x43\x45\x42\x45\
\x38\x22\x2f\x3e\x3c\x70\x61\x74\x68\x20\x64\x3d\x22\x4d\x37\x20\
\x35\x76\x31\x34\x4d\x31\x37\x20\x35\x76\x31\x34\x22\x20\x73\x74\
\x72\x6f\x6b\x65\x3d\x22\x23\x34\x35\x35\x34\x36\x38\x22\x2f\x3e\
\x3c\x70\x61\x74\x68\x20\x64\x3d\x22\x6d\x31\x34\x2e\x35\x20\x31\
\x33\x2e\x35\x20\x35\x20\x35\x4d\x31\x39\x2e\x35\x20\x31\x33\x2e\
\x35\x6c\x2d\x35\x20\x35\x22\x2f\x3e\x0a\x3c\x2f\x73\x76\x67\x3e\
\x0a\
\x00\x00\x01\x73\
\x3c\
\x73\x76\x67\x20\x78\x6d\x6c\x6e\x73\x3d\x22\x68\x74\x74\x70\x3a\
\x2f\x2f\x77\x77\x77\x2e\x77\x33\x2e\x6f\x72\x67\x2f\x32\x30\x30\
\x30\x2f\x73\x76\x67\x22\x20\x77\x69\x64\x74\x68\x3d\x22\x32\x34\
\x22\x20\x68\x65\x69\x67\x68\x74\x3d\x22\x32\x34\x22\x20\x76\x69\
\x65\x77\x42\x6f\x78\x3d\x22\x30\x20\x30\x20\x32\x34\x20\x32\x34\
\x22\x20\x66\x69\x6c\x6c\x3d\x22\x6e\x6f\x6e\x65\x22\x20\x73\x74\
\x72\x6f\x6b\x65\x3d\x22\x23\x34\x46\x38\x35\x38\x32\x22\x20\x73\
\x74\x72\x6f\x6b\x65\x2d\x77\x69\x64\x74\x68\x3d\x22\x31\x2e\x38\
\x22\x20\x73\x74\x72\x6f\x6b\x65\x2d\x6c\x69\x6e\x65\x63\x61\x70\
\x3d\x22\x72\x6f\x75\x6e\x64\x22\x20\x73\x74\x72\x6f\x6b\x65\x2d\
\x6c\x69\x6e\x65\x6a\x6f\x69\x6e\x3d\x22\x72\x6f\x75\x6e\x64\x22\
\x3e\x0a\x20\x20\x3c\x72\x65\x63\x74\x20\x78\x3d\x22\x34\x22\x20\
\x79\x3d\x22\x34\x2e\x35\x22\x20\x77\x69\x64\x74\x68\x3d\x22\x31\
\x34\x22\x20\x68\x65\x69\x67\x68\x74\x3d\x22\x31\x33\x22\x20\x72\
\x78\x3d\x22\x32\x22\x20\x66\x69\x6c\x6c\x3d\x22\x23\x44\x43\x45\
\x42\x45\x38\x22\x2f\x3e\x3c\x70\x61\x74\x68\x20\x64\x3d\x22\x6d\
\x36\x2e\x35\x20\x31\x34\x2e\x35\x20\x33\x2d\x33\x20\x32\x2e\x32\
\x20\x32\x20\x32\x2d\x31\x2e\x38\x20\x31\x2e\x38\x20\x31\x2e\x38\
\x22\x20\x73\x74\x72\x6f\x6b\x65\x3d\x22\x23\x34\x35\x35\x34\x36\
\x38\x22\x2f\x3e\x3c\x70\x61\x74\x68\x20\x64\x3d\x22\x4d\x31\x36\
\x20\x31\x38\x2e\x35\x20\x32\x30\x2e\x35\x20\x31\x34\x4d\x31\x37\
\x2e\x35\x20\x31\x32\x2e\x35\x6c\x34\x20\x34\x4d\x31\x34\x2e\x35\
\x20\x32\x30\x6c\x32\x2d\x32\x22\x2f\x3e\x0a\x3c\x2f\x73\x76\x67\
\x3e\x0a\
\x00\x00\x01\x83\
\x3c\
\x73\x76\x67\x20\x78\x6d\x6c\x6e\x73\x3d\x22\x68\x74\x74\x70\x3a\
\x2f\x2f\x77\x77\x77\x2e\x77\x33\x2e\x6f\x72\x67\x2f\x32\x30\x30\
\x30\x2f\x73\x76\x67\x22\x20\x77\x69\x64\x74\x68\x3d\x22\x32\x34\
\x22\x20\x68\x65\x69\x67\x68\x74\x3d\x22\x32\x34\x22\x20\x76\x69\
\x65\x77\x42\x6f\x78\x3d\x22\x30\x20\x30\x20\x32\x34\x20\x32\x34\
\x22\x20\x66\x69\x6c\x6c\x3d\x22\x6e\x6f\x6e\x65\x22\x20\x73\x74\
\x72\x6f\x6b\x65\x3d\x22\x23\x37\x35\x36\x42\x39\x45\x22\x20\x73\
\x74\x72\x6f\x6b\x65\x2d\x77\x69\x64\x74\x68\x3d\x22\x31\x2e\x38\
\x22\x20\x73\x74\x72\x6f\x6b\x65\x2d\x6c\x69\x6e\x65\x63\x61\x70\
\x3d\x22\x72\x6f\x75\x6e\x64\x22\x20\x73\x74\x72\x6f\x6b\x65\x2d\
\x6c\x69\x6e\x65\x6a\x6f\x69\x6e\x3d\x22\x72\x6f\x75\x6e\x64\x22\
\x3e\x0a\x20\x20\x3c\x72\x65\x63\x74\x20\x78\x3d\x22\x37\x22\x20\
\x79\x3d\x22\x37\x22\x20\x77\x69\x64\x74\x68\x3d\x22\x31\x32\x22\
\x20\x68\x65\x69\x67\x68\x74\x3d\x22\x31\x33\x22\x20\x72\x78\x3d\
\x22\x32\x22\x20\x66\x69\x6c\x6c\x3d\x22\x23\x45\x36\x45\x32\x46\
\x30\x22\x2f\x3e\x3c\x70\x61\x74\x68\x20\x64\x3d\x22\x4d\x31\x36\
\x20\x37\x56\x36\x61\x32\x20\x32\x20\x30\x20\x30\x20\x30\x2d\x32\
\x2d\x32\x48\x36\x61\x32\x20\x32\x20\x30\x20\x30\x20\x30\x2d\x32\
\x20\x32\x76\x31\x30\x61\x32\x20\x32\x20\x30\x20\x30\x20\x30\x20\
\x32\x20\x32\x68\x31\x22\x2f\x3e\x3c\x72\x65\x63\x74\x20\x78\x3d\
\x22\x31\x30\x22\x20\x79\x3d\x22\x31\x31\x22\x20\x77\x69\x64\x74\
\x68\x3d\x22\x36\x22\x20\x68\x65\x69\x67\x68\x74\x3d\x22\x35\x22\
\x20\x72\x78\x3d\x22\x31\x22\x20\x73\x74\x72\x6f\x6b\x65\x3d\x22\
\x23\x34\x35\x35\x34\x36\x38\x22\x2f\x3e\x0a\x3c\x2f\x73\x76\x67\
\x3e\x0a\
\x00\x00\x01\x34\
\x3c\
\x73\x76\x67\x20\x78\x6d\x6c\x6e\x73\x3d\x22\x68\x74\x74\x70\x3a\
\x2f\x2f\x77\x77\x77\x2e\x77\x33\x2e\x6f\x72\x67\x2f\x32\x30\x30\
\x30\x2f\x73\x76\x67\x22\x20\x77\x69\x64\x74\x68\x3d\x22\x32\x34\
\x22\x20\x68\x65\x69\x67\x68\x74\x3d\x22\x32\x34\x22\x20\x76\x69\
\x65\x77\x42\x6f\x78\x3d\x22\x30\x20\x30\x20\x32\x34\x20\x32\x34\
\x22\x20\x66\x69\x6c\x6c\x3d\x22\x6e\x6f\x6e\x65\x22\x20\x73\x74\
\x72\x6f\x6b\x65\x3d\x22\x23\x36\x34\x37\x38\x38\x46\x22\x20\x73\
\x74\x72\x6f\x6b\x65\x2d\x77\x69\x64\x74\x68\x3d\x22\x31\x2e\x38\
\x22\x20\x73\x74\x72\x6f\x6b\x65\x2d\x6c\x69\x6e\x65\x63\x61\x70\
\x3d\x22\x72\x6f\x75\x6e\x64\x22\x20\x73\x74\x72\x6f\x6b\x65\x2d\
\x6c\x69\x6e\x65\x6a\x6f\x69\x6e\x3d\x22\x72\x6f\x75\x6e\x64\x22\
\x3e\x0a\x20\x20\x3c\x63\x69\x72\x63\x6c\x65\x20\x63\x78\x3d\x22\
\x31\x32\x22\x20\x63\x79\x3d\x22\x31\x32\x22\x20\x72\x3d\x22\x38\
\x22\x20\x66\x69\x6c\x6c\x3d\x22\x23\x45\x32\x45\x38\x45\x45\x22\
\x2f\x3e\x3c\x70\x61\x74\x68\x20\x64\x3d\x22\x4d\x31\x32\x20\x37\
\x2e\x35\x76\x35\x6c\x33\x20\x32\x22\x20\x73\x74\x72\x6f\x6b\x65\
\x3d\x22\x23\x34\x35\x35\x34\x36\x38\x22\x2f\x3e\x3c\x70\x61\x74\
\x68\x20\x64\x3d\x22\x4d\x35\x2e\x35\x20\x36\x2e\x35\x20\x33\x2e\
\x35\x20\x39\x6c\x33\x20\x2e\x35\x22\x2f\x3e\x0a\x3c\x2f\x73\x76\
\x67\x3e\x0a\
\x00\x00\x01\x97\
\x3c\
\x73\x76\x67\x20\x78\x6d\x6c\x6e\x73\x3d\x22\x68\x74\x74\x70\x3a\
\x2f\x2f\x77\x77\x77\x2e\x77\x33\x2e\x6f\x72\x67\x2f\x32\x30\x30\
\x30\x2f\x73\x76\x67\x22\x20\x77\x69\x64\x74\x68\x3d\x22\x32\x34\
\x22\x20\x68\x65\x69\x67\x68\x74\x3d\x22\x32\x34\x22\x20\x76\x69\
\x65\x77\x42\x6f\x78\x3d\x22\x30\x20\x30\x20\x32\x34\x20\x32\x34\
\x22\x20\x66\x69\x6c\x6c\x3d\x22\x6e\x6f\x6e\x65\x22\x20\x73\x74\
\x72\x6f\x6b\x65\x3d\x22\x23\x39\x41\x37\x36\x34\x30\x22\x20\x73\
\x74\x72\x6f\x6b\x65\x2d\x77\x69\x64\x74\x68\x3d\x22\x31\x2e\x38\
\x22\x20\x73\x74\x72\x6f\x6b\x65\x2d\x6c\x69\x6e\x65\x63\x61\x70\
\x3d\x22\x72\x6f\x75\x6e\x64\x22\x20\x73\x74\x72\x6f\x6b\x65\x2d\
\x6c\x69\x6e\x65\x6a\x6f\x69\x6e\x3d\x22\x72\x6f\x75\x6e\x64\x22\
\x3e\x0a\x20\x20\x3c\x72\x65\x63\x74\x20\x78\x3d\x22\x35\x2e\x35\
\x22\x20\x79\x3d\x22\x35\x2e\x35\x22\x20\x77\x69\x64\x74\x68\x3d\
\x22\x31\x33\x22\x20\x68\x65\x69\x67\x68\x74\x3d\x22\x31\x35\x22\
\x20\x72\x78\x3d\x22\x32\x22\x20\x66\x69\x6c\x6c\x3d\x22\x23\x46\
\x30\x45\x36\x44\x34\x22\x2f\x3e\x3c\x72\x65\x63\x74\x20\x78\x3d\
\x22\x39\x22\x20\x79\x3d\x22\x33\x2e\x35\x22\x20\x77\x69\x64\x74\
\x68\x3d\x22\x36\x22\x20\x68\x65\x69\x67\x68\x74\x3d\x22\x33\x2e\
\x35\x22\x20\x72\x78\x3d\x22\x31\x22\x20\x66\x69\x6c\x6c\x3d\x22\
\x23\x46\x30\x45\x36\x44\x34\x22\x20\x73\x74\x72\x6f\x6b\x65\x3d\
\x22\x23\x34\x35\x35\x34\x36\x38\x22\x2f\x3e\x3c\x70\x61\x74\x68\
\x20\x64\x3d\x22\x4d\x39\x2e\x35\x20\x31\x31\x61\x32\x2e\x35\x20\
\x32\x2e\x35\x20\x30\x20\x31\x20\x31\x20\x34\x20\x32\x63\x2d\x31\
\x20\x2e\x37\x2d\x31\x2e\x35\x20\x31\x2e\x32\x2d\x31\x2e\x35\x20\
\x32\x4d\x31\x32\x20\x31\x38\x68\x2e\x30\x31\x22\x2f\x3e\x0a\x3c\
\x2f\x73\x76\x67\x3e\x0a\
\x00\x00\x01\x44\
\x3c\
\x73\x76\x67\x20\x78\x6d\x6c\x6e\x73\x3d\x22\x68\x74\x74\x70\x3a\
\x2f\x2f\x77\x77\x77\x2e\x77\x33\x2e\x6f\x72\x67\x2f\x32\x30\x30\
\x30\x2f\x73\x76\x67\x22\x20\x77\x69\x64\x74\x68\x3d\x22\x32\x34\
\x22\x20\x68\x65\x69\x67\x68\x74\x3d\x22\x32\x34\x22\x20\x76\x69\
\x65\x77\x42\x6f\x78\x3d\x22\x30\x20\x30\x20\x32\x34\x20\x32\x34\
\x22\x20\x66\x69\x6c\x6c\x3d\x22\x6e\x6f\x6e\x65\x22\x20\x73\x74\
\x72\x6f\x6b\x65\x3d\x22\x23\x35\x36\x37\x37\x41\x36\x22\x20\x73\
\x74\x72\x6f\x6b\x65\x2d\x77\x69\x64\x74\x68\x3d\x22\x31\x2e\x38\
\x22\x20\x73\x74\x72\x6f\x6b\x65\x2d\x6c\x69\x6e\x65\x63\x61\x70\
\x3d\x22\x72\x6f\x75\x6e\x64\x22\x20\x73\x74\x72\x6f\x6b\x65\x2d\
\x6c\x69\x6e\x65\x6a\x6f\x69\x6e\x3d\x22\x72\x6f\x75\x6e\x64\x22\
\x3e\x0a\x20\x20\x3c\x70\x61\x74\x68\x20\x64\x3d\x22\x4d\x36\x20\
\x33\x2e\x35\x68\x38\x6c\x34\x20\x34\x76\x31\x33\x48\x36\x5a\x22\
\x20\x66\x69\x6c\x6c\x3d\x22\x23\x44\x43\x45\x36\x46\x32\x22\x2f\
\x3e\x0a\x20\x20\x3c\x70\x61\x74\x68\x20\x64\x3d\x22\x4d\x31\x34\
\x20\x33\x2e\x35\x76\x34\x68\x34\x22\x2f\x3e\x0a\x20\x20\x3c\x70\
\x61\x74\x68\x20\x64\x3d\x22\x6d\x31\x30\x2e\x35\x20\x31\x31\x2d\
\x32\x20\x32\x20\x32\x20\x32\x4d\x31\x33\x2e\x35\x20\x31\x31\x6c\
\x32\x20\x32\x2d\x32\x20\x32\x22\x20\x73\x74\x72\x6f\x6b\x65\x3d\
\x22\x23\x34\x35\x35\x34\x36\x38\x22\x2f\x3e\x0a\x3c\x2f\x73\x76\
\x67\x3e\x0a\
\x00\x00\x01\x44\
\x3c\
\x73\x76\x67\x20\x78\x6d\x6c\x6e\x73\x3d\x22\x68\x74\x74\x70\x3a\
\x2f\x2f\x77\x77\x77\x2e\x77\x33\x2e\x6f\x72\x67\x2f\x32\x30\x30\
\x30\x2f\x73\x76\x67\x22\x20\x77\x69\x64\x74\x68\x3d\x22\x32\x34\
\x22\x20\x68\x65\x69\x67\x68\x74\x3d\x22\x32\x34\x22\x20\x76\x69\
\x65\x77\x42\x6f\x78\x3d\x22\x30\x20\x30\x20\x32\x34\x20\x32\x34\
\x22\x20\x66\x69\x6c\x6c\x3d\x22\x6e\x6f\x6e\x65\x22\x20\x73\x74\
\x72\x6f\x6b\x65\x3d\x22\x23\x35\x36\x37\x37\x41\x36\x22\x20\x73\
\x74\x72\x6f\x6b\x65\x2d\x77\x69\x64\x74\x68\x3d\x22\x31\x2e\x38\
\x22\x20\x73\x74\x72\x6f\x6b\x65\x2d\x6c\x69\x6e\x65\x63\x61\x70\
\x3d\x22\x72\x6f\x75\x6e\x64\x22\x20\x73\x74\x72\x6f\x6b\x65\x2d\
\x6c\x69\x6e\x65\x6a\x6f\x69\x6e\x3d\x22\x72\x6f\x75\x6e\x64\x22\
\x3e\x0a\x20\x20\x3c\x70\x61\x74\x68\x20\x64\x3d\x22\x4d\x36\x20\
\x33\x2e\x35\x68\x38\x6c\x34\x20\x34\x76\x31\x33\x48\x36\x5a\x22\
\x20\x66\x69\x6c\x6c\x3d\x22\x23\x44\x43\x45\x36\x46\x32\x22\x2f\
\x3e\x0a\x20\x20\x3c\x70\x61\x74\x68\x20\x64\x3d\x22\x4d\x31\x34\
\x20\x33\x2e\x35\x76\x34\x68\x34\x22\x2f\x3e\x0a\x20\x20\x3c\x70\
\x61\x74\x68\x20\x64\x3d\x22\x6d\x31\x30\x2e\x35\x20\x31\x31\x2d\
\x32\x20\x32\x20\x32\x20\x32\x4d\x31\x33\x2e\x35\x20\x31\x31\x6c\
\x32\x20\x32\x2d\x32\x20\x32\x22\x20\x73\x74\x72\x6f\x6b\x65\x3d\
\x22\x23\x34\x35\x35\x34\x36\x38\x22\x2f\x3e\x0a\x3c\x2f\x73\x76\
\x67\x3e\x0a\
\x00\x00\x01\x40\
\x3c\
\x73\x76\x67\x20\x78\x6d\x6c\x6e\x73\x3d\x22\x68\x74\x74\x70\x3a\
\x2f\x2f\x77\x77\x77\x2e\x77\x33\x2e\x6f\x72\x67\x2f\x32\x30\x30\
\x30\x2f\x73\x76\x67\x22\x20\x77\x69\x64\x74\x68\x3d\x22\x32\x34\
\x22\x20\x68\x65\x69\x67\x68\x74\x3d\x22\x32\x34\x22\x20\x76\x69\
\x65\x77\x42\x6f\x78\x3d\x22\x30\x20\x30\x20\x32\x34\x20\x32\x34\
\x22\x20\x66\x69\x6c\x6c\x3d\x22\x6e\x6f\x6e\x65\x22\x20\x73\x74\
\x72\x6f\x6b\x65\x3d\x22\x23\x34\x46\x38\x35\x38\x32\x22\x20\x73\
\x74\x72\x6f\x6b\x65\x2d\x77\x69\x64\x74\x68\x3d\x22\x31\x2e\x38\
\x22\x20\x73\x74\x72\x6f\x6b\x65\x2d\x6c\x69\x6e\x65\x63\x61\x70\
\x3d\x22\x72\x6f\x75\x6e\x64\x22\x20\x73\x74\x72\x6f\x6b\x65\x2d\
\x6c\x69\x6e\x65\x6a\x6f\x69\x6e\x3d\x22\x72\x6f\x75\x6e\x64\x22\
\x3e\x0a\x20\x20\x3c\x72\x65\x63\x74\x20\x78\x3d\x22\x36\x22\x20\
\x79\x3d\x22\x38\x22\x20\x77\x69\x64\x74\x68\x3d\x22\x31\x32\x22\
\x20\x68\x65\x69\x67\x68\x74\x3d\x22\x31\x31\x22\x20\x72\x78\x3d\
\x22\x32\x22\x20\x66\x69\x6c\x6c\x3d\x22\x23\x44\x43\x45\x42\x45\
\x38\x22\x2f\x3e\x3c\x70\x61\x74\x68\x20\x64\x3d\x22\x4d\x31\x37\
\x2e\x35\x20\x35\x2e\x38\x41\x38\x20\x38\x20\x30\x20\x30\x20\x30\
\x20\x34\x20\x39\x22\x2f\x3e\x3c\x70\x61\x74\x68\x20\x64\x3d\x22\
\x4d\x34\x20\x39\x6c\x2e\x31\x2d\x34\x4d\x34\x20\x39\x6c\x33\x2e\
\x38\x2d\x2e\x37\x22\x2f\x3e\x0a\x3c\x2f\x73\x76\x67\x3e\x0a\
\x00\x00\x01\x9e\
\x3c\
\x73\x76\x67\x20\x78\x6d\x6c\x6e\x73\x3d\x22\x68\x74\x74\x70\x3a\
\x2f\x2f\x77\x77\x77\x2e\x77\x33\x2e\x6f\x72\x67\x2f\x32\x30\x30\
\x30\x2f\x73\x76\x67\x22\x20\x77\x69\x64\x74\x68\x3d\x22\x32\x34\
\x22\x20\x68\x65\x69\x67\x68\x74\x3d\x22\x32\x34\x22\x20\x76\x69\
\x65\x77\x42\x6f\x78\x3d\x22\x30\x20\x30\x20\x32\x34\x20\x32\x34\
\x22\x20\x66\x69\x6c\x6c\x3d\x22\x6e\x6f\x6e\x65\x22\x20\x73\x74\
\x72\x6f\x6b\x65\x3d\x22\x23\x35\x36\x37\x37\x41\x36\x22\x20\x73\
\x74\x72\x6f\x6b\x65\x2d\x77\x69\x64\x74\x68\x3d\x22\x31\x2e\x38\
\x22\x20\x73\x74\x72\x6f\x6b\x65\x2d\x6c\x69\x6e\x65\x63\x61\x70\
\x3d\x22\x72\x6f\x75\x6e\x64\x22\x20\x73\x74\x72\x6f\x6b\x65\x2d\
\x6c\x69\x6e\x65\x6a\x6f\x69\x6e\x3d\x22\x72\x6f\x75\x6e\x64\x22\
\x3e\x0a\x20\x20\x3c\x70\x61\x74\x68\x20\x64\x3d\x22\x4d\x33\x2e\
\x35\x20\x38\x56\x36\x2e\x38\x41\x31\x2e\x38\x20\x31\x2e\x38\x20\
\x30\x20\x30\x20\x31\x20\x35\x2e\x33\x20\x35\x48\x39\x6c\x32\x20\
\x32\x68\x37\x2e\x32\x41\x31\x2e\x38\x20\x31\x2e\x38\x20\x30\x20\
\x30\x20\x31\x20\x32\x30\x20\x38\x2e\x38\x56\x31\x37\x61\x32\x20\
\x32\x20\x30\x20\x30\x20\x31\x2d\x32\x20\x32\x48\x35\x2e\x35\x61\
\x32\x20\x32\x20\x30\x20\x30\x20\x31\x2d\x32\x2d\x32\x5a\x22\x20\
\x66\x69\x6c\x6c\x3d\x22\x23\x44\x43\x45\x36\x46\x32\x22\x2f\x3e\
\x3c\x63\x69\x72\x63\x6c\x65\x20\x63\x78\x3d\x22\x31\x35\x2e\x35\
\x22\x20\x63\x79\x3d\x22\x31\x34\x2e\x35\x22\x20\x72\x3d\x22\x33\
\x2e\x35\x22\x20\x66\x69\x6c\x6c\x3d\x22\x23\x44\x43\x45\x36\x46\
\x32\x22\x2f\x3e\x3c\x70\x61\x74\x68\x20\x64\x3d\x22\x4d\x31\x35\
\x2e\x35\x20\x31\x32\x2e\x35\x76\x32\x2e\x33\x6c\x31\x2e\x36\x20\
\x31\x22\x20\x73\x74\x72\x6f\x6b\x65\x3d\x22\x23\x34\x35\x35\x34\
\x36\x38\x22\x2f\x3e\x0a\x3c\x2f\x73\x76\x67\x3e\x0a\
\x00\x00\x01\x81\
\x3c\
\x73\x76\x67\x20\x78\x6d\x6c\x6e\x73\x3d\x22\x68\x74\x74\x70\x3a\
\x2f\x2f\x77\x77\x77\x2e\x77\x33\x2e\x6f\x72\x67\x2f\x32\x30\x30\
\x30\x2f\x73\x76\x67\x22\x20\x77\x69\x64\x74\x68\x3d\x22\x32\x34\
\x22\x20\x68\x65\x69\x67\x68\x74\x3d\x22\x32\x34\x22\x20\x76\x69\
\x65\x77\x42\x6f\x78\x3d\x22\x30\x20\x30\x20\x32\x34\x20\x32\x34\
\x22\x20\x66\x69\x6c\x6c\x3d\x22\x6e\x6f\x6e\x65\x22\x20\x73\x74\
\x72\x6f\x6b\x65\x3d\x22\x23\x37\x42\x36\x46\x39\x34\x22\x20\x73\
\x74\x72\x6f\x6b\x65\x2d\x77\x69\x64\x74\x68\x3d\x22\x31\x2e\x38\
\x22\x20\x73\x74\x72\x6f\x6b\x65\x2d\x6c\x69\x6e\x65\x63\x61\x70\
\x3d\x22\x72\x6f\x75\x6e\x64\x22\x20\x73\x74\x72\x6f\x6b\x65\x2d\
\x6c\x69\x6e\x65\x6a\x6f\x69\x6e\x3d\x22\x72\x6f\x75\x6e\x64\x22\
\x3e\x0a\x20\x20\x3c\x70\x61\x74\x68\x20\x64\x3d\x22\x4d\x35\x2e\
\x35\x20\x37\x41\x32\x2e\x35\x20\x32\x2e\x35\x20\x30\x20\x30\x20\
\x31\x20\x38\x20\x34\x2e\x35\x68\x38\x41\x32\x2e\x35\x20\x32\x2e\
\x35\x20\x30\x20\x30\x20\x31\x20\x31\x38\x2e\x35\x20\x37\x76\x38\
\x41\x32\x2e\x35\x20\x32\x2e\x35\x20\x30\x20\x30\x20\x31\x20\x31\
\x36\x20\x31\x37\x2e\x35\x68\x2d\x35\x6c\x2d\x33\x2e\x35\x20\x32\
\x2e\x37\x76\x2d\x32\x2e\x38\x61\x32\x2e\x35\x20\x32\x2e\x35\x20\
\x30\x20\x30\x20\x31\x2d\x32\x2d\x32\x2e\x34\x5a\x22\x20\x66\x69\
\x6c\x6c\x3d\x22\x23\x45\x38\x45\x32\x45\x45\x22\x2f\x3e\x0a\x20\
\x20\x3c\x70\x61\x74\x68\x20\x64\x3d\x22\x4d\x39\x2e\x35\x20\x31\
\x30\x68\x35\x76\x34\x2e\x35\x68\x2d\x35\x5a\x4d\x31\x32\x20\x38\
\x76\x38\x2e\x35\x22\x20\x73\x74\x72\x6f\x6b\x65\x3d\x22\x23\x34\
\x35\x35\x34\x36\x38\x22\x2f\x3e\x0a\x3c\x2f\x73\x76\x67\x3e\x0a\
\
\x00\x00\x01\x31\
\x3c\
\x73\x76\x67\x20\x78\x6d\x6c\x6e\x73\x3d\x22\x68\x74\x74\x70\x3a\
\x2f\x2f\x77\x77\x77\x2e\x77\x33\x2e\x6f\x72\x67\x2f\x32\x30\x30\
\x30\x2f\x73\x76\x67\x22\x20\x77\x69\x64\x74\x68\x3d\x22\x32\x34\
\x22\x20\x68\x65\x69\x67\x68\x74\x3d\x22\x32\x34\x22\x20\x76\x69\
\x65\x77\x42\x6f\x78\x3d\x22\x30\x20\x30\x20\x32\x34\x20\x32\x34\
\x22\x20\x66\x69\x6c\x6c\x3d\x22\x6e\x6f\x6e\x65\x22\x20\x73\x74\
\x72\x6f\x6b\x65\x3d\x22\x23\x36\x34\x37\x38\x38\x46\x22\x20\x73\
\x74\x72\x6f\x6b\x65\x2d\x77\x69\x64\x74\x68\x3d\x22\x31\x2e\x38\
\x22\x20\x73\x74\x72\x6f\x6b\x65\x2d\x6c\x69\x6e\x65\x63\x61\x70\
\x3d\x22\x72\x6f\x75\x6e\x64\x22\x20\x73\x74\x72\x6f\x6b\x65\x2d\
\x6c\x69\x6e\x65\x6a\x6f\x69\x6e\x3d\x22\x72\x6f\x75\x6e\x64\x22\
\x3e\x0a\x20\x20\x3c\x72\x65\x63\x74\x20\x78\x3d\x22\x34\x22\x20\
\x79\x3d\x22\x34\x2e\x35\x22\x20\x77\x69\x64\x74\x68\x3d\x22\x31\
\x36\x22\x20\x68\x65\x69\x67\x68\x74\x3d\x22\x31\x35\x22\x20\x72\
\x78\x3d\x22\x32\x22\x20\x66\x69\x6c\x6c\x3d\x22\x23\x45\x32\x45\
\x38\x45\x45\x22\x2f\x3e\x3c\x70\x61\x74\x68\x20\x64\x3d\x22\x4d\
\x39\x20\x38\x48\x37\x76\x32\x4d\x31\x35\x20\x38\x68\x32\x76\x32\
\x4d\x39\x20\x31\x36\x48\x37\x76\x2d\x32\x4d\x31\x35\x20\x31\x36\
\x68\x32\x76\x2d\x32\x22\x2f\x3e\x0a\x3c\x2f\x73\x76\x67\x3e\x0a\
\
\x00\x00\x01\x49\
\x3c\
\x73\x76\x67\x20\x78\x6d\x6c\x6e\x73\x3d\x22\x68\x74\x74\x70\x3a\
\x2f\x2f\x77\x77\x77\x2e\x77\x33\x2e\x6f\x72\x67\x2f\x32\x30\x30\
\x30\x2f\x73\x76\x67\x22\x20\x77\x69\x64\x74\x68\x3d\x22\x32\x34\
\x22\x20\x68\x65\x69\x67\x68\x74\x3d\x22\x32\x34\x22\x20\x76\x69\
\x65\x77\x42\x6f\x78\x3d\x22\x30\x20\x30\x20\x32\x34\x20\x32\x34\
\x22\x20\x66\x69\x6c\x6c\x3d\x22\x6e\x6f\x6e\x65\x22\x20\x73\x74\
\x72\x6f\x6b\x65\x3d\x22\x23\x34\x46\x38\x35\x38\x32\x22\x20\x73\
\x74\x72\x6f\x6b\x65\x2d\x77\x69\x64\x74\x68\x3d\x22\x31\x2e\x38\
\x22\x20\x73\x74\x72\x6f\x6b\x65\x2d\x6c\x69\x6e\x65\x63\x61\x70\
\x3d\x22\x72\x6f\x75\x6e\x64\x22\x20\x73\x74\x72\x6f\x6b\x65\x2d\
\x6c\x69\x6e\x65\x6a\x6f\x69\x6e\x3d\x22\x72\x6f\x75\x6e\x64\x22\
\x3e\x0a\x20\x20\x3c\x72\x65\x63\x74\x20\x78\x3d\x22\x36\x22\x20\
\x79\x3d\x22\x38\x22\x20\x77\x69\x64\x74\x68\x3d\x22\x31\x32\x22\
\x20\x68\x65\x69\x67\x68\x74\x3d\x22\x31\x31\x22\x20\x72\x78\x3d\
\x22\x32\x22\x20\x66\x69\x6c\x6c\x3d\x22\x23\x44\x43\x45\x42\x45\
\x38\x22\x2f\x3e\x0a\x20\x20\x3c\x70\x61\x74\x68\x20\x64\x3d\x22\
\x4d\x36\x2e\x35\x20\x35\x2e\x38\x41\x38\x20\x38\x20\x30\x20\x30\
\x20\x31\x20\x32\x30\x20\x39\x22\x2f\x3e\x0a\x20\x20\x3c\x70\x61\
\x74\x68\x20\x64\x3d\x22\x6d\x32\x30\x20\x39\x2d\x2e\x31\x2d\x34\
\x4d\x32\x30\x20\x39\x6c\x2d\x33\x2e\x38\x2d\x2e\x37\x22\x2f\x3e\
\x0a\x3c\x2f\x73\x76\x67\x3e\x0a\
\x00\x00\x01\xad\
\x3c\
\x73\x76\x67\x20\x78\x6d\x6c\x6e\x73\x3d\x22\x68\x74\x74\x70\x3a\
\x2f\x2f\x77\x77\x77\x2e\x77\x33\x2e\x6f\x72\x67\x2f\x32\x30\x30\
\x30\x2f\x73\x76\x67\x22\x20\x77\x69\x64\x74\x68\x3d\x22\x32\x34\
\x22\x20\x68\x65\x69\x67\x68\x74\x3d\x22\x32\x34\x22\x20\x76\x69\
\x65\x77\x42\x6f\x78\x3d\x22\x30\x20\x30\x20\x32\x34\x20\x32\x34\
\x22\x20\x66\x69\x6c\x6c\x3d\x22\x6e\x6f\x6e\x65\x22\x20\x73\x74\
\x72\x6f\x6b\x65\x3d\x22\x23\x37\x35\x36\x42\x39\x45\x22\x20\x73\
\x74\x72\x6f\x6b\x65\x2d\x77\x69\x64\x74\x68\x3d\x22\x31\x2e\x38\
\x22\x20\x73\x74\x72\x6f\x6b\x65\x2d\x6c\x69\x6e\x65\x63\x61\x70\
\x3d\x22\x72\x6f\x75\x6e\x64\x22\x20\x73\x74\x72\x6f\x6b\x65\x2d\
\x6c\x69\x6e\x65\x6a\x6f\x69\x6e\x3d\x22\x72\x6f\x75\x6e\x64\x22\
\x3e\x0a\x20\x20\x3c\x70\x61\x74\x68\x20\x64\x3d\x22\x4d\x34\x20\
\x38\x56\x36\x2e\x38\x41\x31\x2e\x38\x20\x31\x2e\x38\x20\x30\x20\
\x30\x20\x31\x20\x35\x2e\x38\x20\x35\x68\x33\x2e\x38\x6c\x32\x20\
\x32\x2e\x32\x68\x36\x2e\x36\x41\x31\x2e\x38\x20\x31\x2e\x38\x20\
\x30\x20\x30\x20\x31\x20\x32\x30\x20\x39\x76\x38\x2e\x32\x61\x31\
\x2e\x38\x20\x31\x2e\x38\x20\x30\x20\x30\x20\x31\x2d\x31\x2e\x38\
\x20\x31\x2e\x38\x48\x35\x2e\x38\x41\x31\x2e\x38\x20\x31\x2e\x38\
\x20\x30\x20\x30\x20\x31\x20\x34\x20\x31\x37\x2e\x32\x5a\x22\x20\
\x66\x69\x6c\x6c\x3d\x22\x23\x45\x36\x45\x32\x46\x30\x22\x2f\x3e\
\x3c\x70\x61\x74\x68\x20\x64\x3d\x22\x6d\x37\x20\x31\x36\x20\x32\
\x2e\x35\x2d\x32\x2e\x35\x20\x32\x20\x31\x2e\x38\x20\x31\x2e\x38\
\x2d\x31\x2e\x35\x20\x32\x2e\x32\x20\x32\x2e\x32\x22\x20\x73\x74\
\x72\x6f\x6b\x65\x3d\x22\x23\x34\x35\x35\x34\x36\x38\x22\x2f\x3e\
\x3c\x70\x61\x74\x68\x20\x64\x3d\x22\x6d\x31\x35\x2e\x35\x20\x31\
\x30\x20\x31\x2e\x32\x20\x31\x2e\x32\x20\x32\x2e\x33\x2d\x32\x2e\
\x34\x22\x2f\x3e\x0a\x3c\x2f\x73\x76\x67\x3e\x0a\
\x00\x00\x01\x7b\
\x3c\
\x73\x76\x67\x20\x78\x6d\x6c\x6e\x73\x3d\x22\x68\x74\x74\x70\x3a\
\x2f\x2f\x77\x77\x77\x2e\x77\x33\x2e\x6f\x72\x67\x2f\x32\x30\x30\
\x30\x2f\x73\x76\x67\x22\x20\x77\x69\x64\x74\x68\x3d\x22\x32\x34\
\x22\x20\x68\x65\x69\x67\x68\x74\x3d\x22\x32\x34\x22\x20\x76\x69\
\x65\x77\x42\x6f\x78\x3d\x22\x30\x20\x30\x20\x32\x34\x20\x32\x34\
\x22\x20\x66\x69\x6c\x6c\x3d\x22\x6e\x6f\x6e\x65\x22\x20\x73\x74\
\x72\x6f\x6b\x65\x3d\x22\x23\x35\x46\x38\x34\x36\x38\x22\x20\x73\
\x74\x72\x6f\x6b\x65\x2d\x77\x69\x64\x74\x68\x3d\x22\x31\x2e\x38\
\x22\x20\x73\x74\x72\x6f\x6b\x65\x2d\x6c\x69\x6e\x65\x63\x61\x70\
\x3d\x22\x72\x6f\x75\x6e\x64\x22\x20\x73\x74\x72\x6f\x6b\x65\x2d\
\x6c\x69\x6e\x65\x6a\x6f\x69\x6e\x3d\x22\x72\x6f\x75\x6e\x64\x22\
\x3e\x0a\x20\x20\x3c\x72\x65\x63\x74\x20\x78\x3d\x22\x35\x2e\x35\
\x22\x20\x79\x3d\x22\x35\x2e\x35\x22\x20\x77\x69\x64\x74\x68\x3d\
\x22\x31\x33\x22\x20\x68\x65\x69\x67\x68\x74\x3d\x22\x31\x35\x22\
\x20\x72\x78\x3d\x22\x32\x22\x20\x66\x69\x6c\x6c\x3d\x22\x23\x44\
\x46\x45\x41\x44\x46\x22\x2f\x3e\x0a\x20\x20\x3c\x72\x65\x63\x74\
\x20\x78\x3d\x22\x39\x22\x20\x79\x3d\x22\x33\x2e\x35\x22\x20\x77\
\x69\x64\x74\x68\x3d\x22\x36\x22\x20\x68\x65\x69\x67\x68\x74\x3d\
\x22\x33\x2e\x35\x22\x20\x72\x78\x3d\x22\x31\x22\x20\x66\x69\x6c\
\x6c\x3d\x22\x23\x44\x46\x45\x41\x44\x46\x22\x20\x73\x74\x72\x6f\
\x6b\x65\x3d\x22\x23\x34\x35\x35\x34\x36\x38\x22\x2f\x3e\x0a\x20\
\x20\x3c\x70\x61\x74\x68\x20\x64\x3d\x22\x6d\x38\x2e\x35\x20\x31\
\x33\x20\x32\x2e\x34\x20\x32\x2e\x35\x20\x34\x2e\x38\x2d\x35\x22\
\x2f\x3e\x0a\x3c\x2f\x73\x76\x67\x3e\x0a\
\x00\x00\x01\x62\
\x3c\
\x73\x76\x67\x20\x78\x6d\x6c\x6e\x73\x3d\x22\x68\x74\x74\x70\x3a\
\x2f\x2f\x77\x77\x77\x2e\x77\x33\x2e\x6f\x72\x67\x2f\x32\x30\x30\
\x30\x2f\x73\x76\x67\x22\x20\x77\x69\x64\x74\x68\x3d\x22\x32\x34\
\x22\x20\x68\x65\x69\x67\x68\x74\x3d\x22\x32\x34\x22\x20\x76\x69\
\x65\x77\x42\x6f\x78\x3d\x22\x30\x20\x30\x20\x32\x34\x20\x32\x34\
\x22\x20\x66\x69\x6c\x6c\x3d\x22\x6e\x6f\x6e\x65\x22\x20\x73\x74\
\x72\x6f\x6b\x65\x3d\x22\x23\x35\x36\x37\x37\x41\x36\x22\x20\x73\
\x74\x72\x6f\x6b\x65\x2d\x77\x69\x64\x74\x68\x3d\x22\x31\x2e\x38\
\x22\x20\x73\x74\x72\x6f\x6b\x65\x2d\x6c\x69\x6e\x65\x63\x61\x70\
\x3d\x22\x72\x6f\x75\x6e\x64\x22\x20\x73\x74\x72\x6f\x6b\x65\x2d\
\x6c\x69\x6e\x65\x6a\x6f\x69\x6e\x3d\x22\x72\x6f\x75\x6e\x64\x22\
\x3e\x0a\x20\x20\x3c\x70\x61\x74\x68\x20\x64\x3d\x22\x4d\x35\x20\
\x33\x2e\x35\x68\x38\x6c\x34\x20\x34\x76\x31\x33\x48\x35\x5a\x22\
\x20\x66\x69\x6c\x6c\x3d\x22\x23\x44\x43\x45\x36\x46\x32\x22\x2f\
\x3e\x3c\x70\x61\x74\x68\x20\x64\x3d\x22\x4d\x31\x33\x20\x33\x2e\
\x35\x76\x34\x68\x34\x22\x2f\x3e\x3c\x63\x69\x72\x63\x6c\x65\x20\
\x63\x78\x3d\x22\x31\x34\x2e\x35\x22\x20\x63\x79\x3d\x22\x31\x35\
\x22\x20\x72\x3d\x22\x33\x2e\x35\x22\x20\x66\x69\x6c\x6c\x3d\x22\
\x23\x44\x43\x45\x36\x46\x32\x22\x2f\x3e\x3c\x70\x61\x74\x68\x20\
\x64\x3d\x22\x4d\x31\x34\x2e\x35\x20\x31\x33\x76\x32\x2e\x32\x6c\
\x31\x2e\x35\x20\x31\x22\x20\x73\x74\x72\x6f\x6b\x65\x3d\x22\x23\
\x34\x35\x35\x34\x36\x38\x22\x2f\x3e\x0a\x3c\x2f\x73\x76\x67\x3e\
\x0a\
\x00\x00\x01\x67\
\x3c\
\x73\x76\x67\x20\x78\x6d\x6c\x6e\x73\x3d\x22\x68\x74\x74\x70\x3a\
\x2f\x2f\x77\x77\x77\x2e\x77\x33\x2e\x6f\x72\x67\x2f\x32\x30\x30\
\x30\x2f\x73\x76\x67\x22\x20\x77\x69\x64\x74\x68\x3d\x22\x32\x34\
\x22\x20\x68\x65\x69\x67\x68\x74\x3d\x22\x32\x34\x22\x20\x76\x69\
\x65\x77\x42\x6f\x78\x3d\x22\x30\x20\x30\x20\x32\x34\x20\x32\x34\
\x22\x20\x66\x69\x6c\x6c\x3d\x22\x6e\x6f\x6e\x65\x22\x20\x73\x74\
\x72\x6f\x6b\x65\x3d\x22\x23\x36\x34\x37\x38\x38\x46\x22\x20\x73\
\x74\x72\x6f\x6b\x65\x2d\x77\x69\x64\x74\x68\x3d\x22\x31\x2e\x38\
\x22\x20\x73\x74\x72\x6f\x6b\x65\x2d\x6c\x69\x6e\x65\x63\x61\x70\
\x3d\x22\x72\x6f\x75\x6e\x64\x22\x20\x73\x74\x72\x6f\x6b\x65\x2d\
\x6c\x69\x6e\x65\x6a\x6f\x69\x6e\x3d\x22\x72\x6f\x75\x6e\x64\x22\
\x3e\x0a\x20\x20\x3c\x72\x65\x63\x74\x20\x78\x3d\x22\x35\x2e\x35\
\x22\x20\x79\x3d\x22\x35\x2e\x35\x22\x20\x77\x69\x64\x74\x68\x3d\
\x22\x31\x33\x22\x20\x68\x65\x69\x67\x68\x74\x3d\x22\x31\x35\x22\
\x20\x72\x78\x3d\x22\x32\x22\x20\x66\x69\x6c\x6c\x3d\x22\x23\x45\
\x32\x45\x38\x45\x45\x22\x2f\x3e\x3c\x72\x65\x63\x74\x20\x78\x3d\
\x22\x39\x22\x20\x79\x3d\x22\x33\x2e\x35\x22\x20\x77\x69\x64\x74\
\x68\x3d\x22\x36\x22\x20\x68\x65\x69\x67\x68\x74\x3d\x22\x33\x2e\
\x35\x22\x20\x72\x78\x3d\x22\x31\x22\x20\x66\x69\x6c\x6c\x3d\x22\
\x23\x45\x32\x45\x38\x45\x45\x22\x20\x73\x74\x72\x6f\x6b\x65\x3d\
\x22\x23\x34\x35\x35\x34\x36\x38\x22\x2f\x3e\x3c\x70\x61\x74\x68\
\x20\x64\x3d\x22\x4d\x39\x20\x31\x33\x68\x36\x22\x2f\x3e\x0a\x3c\
\x2f\x73\x76\x67\x3e\x0a\
\x00\x00\x01\x24\
\x3c\
\x73\x76\x67\x20\x78\x6d\x6c\x6e\x73\x3d\x22\x68\x74\x74\x70\x3a\
\x2f\x2f\x77\x77\x77\x2e\x77\x33\x2e\x6f\x72\x67\x2f\x32\x30\x30\
\x30\x2f\x73\x76\x67\x22\x20\x77\x69\x64\x74\x68\x3d\x22\x32\x34\
\x22\x20\x68\x65\x69\x67\x68\x74\x3d\x22\x32\x34\x22\x20\x76\x69\
\x65\x77\x42\x6f\x78\x3d\x22\x30\x20\x30\x20\x32\x34\x20\x32\x34\
\x22\x20\x66\x69\x6c\x6c\x3d\x22\x6e\x6f\x6e\x65\x22\x20\x73\x74\
\x72\x6f\x6b\x65\x3d\x22\x23\x36\x34\x37\x38\x38\x46\x22\x20\x73\
\x74\x72\x6f\x6b\x65\x2d\x77\x69\x64\x74\x68\x3d\x22\x31\x2e\x38\
\x22\x20\x73\x74\x72\x6f\x6b\x65\x2d\x6c\x69\x6e\x65\x63\x61\x70\
\x3d\x22\x72\x6f\x75\x6e\x64\x22\x20\x73\x74\x72\x6f\x6b\x65\x2d\
\x6c\x69\x6e\x65\x6a\x6f\x69\x6e\x3d\x22\x72\x6f\x75\x6e\x64\x22\
\x3e\x0a\x20\x20\x3c\x63\x69\x72\x63\x6c\x65\x20\x63\x78\x3d\x22\
\x31\x30\x2e\x35\x22\x20\x63\x79\x3d\x22\x31\x30\x2e\x35\x22\x20\
\x72\x3d\x22\x35\x2e\x35\x22\x20\x66\x69\x6c\x6c\x3d\x22\x23\x45\
\x32\x45\x38\x45\x45\x22\x2f\x3e\x3c\x70\x61\x74\x68\x20\x64\x3d\
\x22\x4d\x37\x2e\x38\x20\x31\x30\x2e\x35\x68\x35\x2e\x34\x22\x2f\
\x3e\x3c\x70\x61\x74\x68\x20\x64\x3d\x22\x6d\x31\x34\x2e\x35\x20\
\x31\x34\x2e\x35\x20\x35\x20\x35\x22\x2f\x3e\x0a\x3c\x2f\x73\x76\
\x67\x3e\x0a\
\x00\x00\x01\xff\
\x3c\
\x73\x76\x67\x20\x78\x6d\x6c\x6e\x73\x3d\x22\x68\x74\x74\x70\x3a\
\x2f\x2f\x77\x77\x77\x2e\x77\x33\x2e\x6f\x72\x67\x2f\x32\x30\x30\
\x30\x2f\x73\x76\x67\x22\x20\x77\x69\x64\x74\x68\x3d\x22\x32\x34\
\x22\x20\x68\x65\x69\x67\x68\x74\x3d\x22\x32\x34\x22\x20\x76\x69\
\x65\x77\x42\x6f\x78\x3d\x22\x30\x20\x30\x20\x32\x34\x20\x32\x34\
\x22\x20\x66\x69\x6c\x6c\x3d\x22\x6e\x6f\x6e\x65\x22\x20\x73\x74\
\x72\x6f\x6b\x65\x3d\x22\x23\x37\x35\x36\x42\x39\x45\x22\x20\x73\
\x74\x72\x6f\x6b\x65\x2d\x77\x69\x64\x74\x68\x3d\x22\x31\x2e\x38\
\x22\x20\x73\x74\x72\x6f\x6b\x65\x2d\x6c\x69\x6e\x65\x63\x61\x70\
\x3d\x22\x72\x6f\x75\x6e\x64\x22\x20\x73\x74\x72\x6f\x6b\x65\x2d\
\x6c\x69\x6e\x65\x6a\x6f\x69\x6e\x3d\x22\x72\x6f\x75\x6e\x64\x22\
\x3e\x0a\x20\x20\x3c\x70\x61\x74\x68\x20\x64\x3d\x22\x4d\x34\x20\
\x38\x56\x36\x2e\x38\x41\x31\x2e\x38\x20\x31\x2e\x38\x20\x30\x20\
\x30\x20\x31\x20\x35\x2e\x38\x20\x35\x68\x33\x2e\x38\x6c\x32\x20\
\x32\x2e\x32\x68\x36\x2e\x36\x41\x31\x2e\x38\x20\x31\x2e\x38\x20\
\x30\x20\x30\x20\x31\x20\x32\x30\x20\x39\x76\x38\x2e\x32\x61\x31\
\x2e\x38\x20\x31\x2e\x38\x20\x30\x20\x30\x20\x31\x2d\x31\x2e\x38\
\x20\x31\x2e\x38\x48\x35\x2e\x38\x41\x31\x2e\x38\x20\x31\x2e\x38\
\x20\x30\x20\x30\x20\x31\x20\x34\x20\x31\x37\x2e\x32\x5a\x22\x20\
\x66\x69\x6c\x6c\x3d\x22\x23\x45\x36\x45\x32\x46\x30\x22\x2f\x3e\
\x3c\x63\x69\x72\x63\x6c\x65\x20\x63\x78\x3d\x22\x39\x22\x20\x63\
\x79\x3d\x22\x31\x34\x22\x20\x72\x3d\x22\x2e\x39\x22\x20\x66\x69\
\x6c\x6c\x3d\x22\x23\x34\x35\x35\x34\x36\x38\x22\x20\x73\x74\x72\
\x6f\x6b\x65\x3d\x22\x6e\x6f\x6e\x65\x22\x2f\x3e\x3c\x63\x69\x72\
\x63\x6c\x65\x20\x63\x78\x3d\x22\x31\x32\x22\x20\x63\x79\x3d\x22\
\x31\x34\x22\x20\x72\x3d\x22\x2e\x39\x22\x20\x66\x69\x6c\x6c\x3d\
\x22\x23\x34\x35\x35\x34\x36\x38\x22\x20\x73\x74\x72\x6f\x6b\x65\
\x3d\x22\x6e\x6f\x6e\x65\x22\x2f\x3e\x3c\x63\x69\x72\x63\x6c\x65\
\x20\x63\x78\x3d\x22\x31\x35\x22\x20\x63\x79\x3d\x22\x31\x34\x22\
\x20\x72\x3d\x22\x2e\x39\x22\x20\x66\x69\x6c\x6c\x3d\x22\x23\x34\
\x35\x35\x34\x36\x38\x22\x20\x73\x74\x72\x6f\x6b\x65\x3d\x22\x6e\
\x6f\x6e\x65\x22\x2f\x3e\x0a\x3c\x2f\x73\x76\x67\x3e\x0a\
\x00\x00\x01\x87\
\x3c\
\x73\x76\x67\x20\x78\x6d\x6c\x6e\x73\x3d\x22\x68\x74\x74\x70\x3a\
\x2f\x2f\x77\x77\x77\x2e\x77\x33\x2e\x6f\x72\x67\x2f\x32\x30\x30\
\x30\x2f\x73\x76\x67\x22\x20\x77\x69\x64\x74\x68\x3d\x22\x32\x34\
\x22\x20\x68\x65\x69\x67\x68\x74\x3d\x22\x32\x34\x22\x20\x76\x69\
\x65\x77\x42\x6f\x78\x3d\x22\x30\x20\x30\x20\x32\x34\x20\x32\x34\
\x22\x20\x66\x69\x6c\x6c\x3d\x22\x6e\x6f\x6e\x65\x22\x20\x73\x74\
\x72\x6f\x6b\x65\x3d\x22\x23\x37\x35\x36\x42\x39\x45\x22\x20\x73\
\x74\x72\x6f\x6b\x65\x2d\x77\x69\x64\x74\x68\x3d\x22\x31\x2e\x38\
\x22\x20\x73\x74\x72\x6f\x6b\x65\x2d\x6c\x69\x6e\x65\x63\x61\x70\
\x3d\x22\x72\x6f\x75\x6e\x64\x22\x20\x73\x74\x72\x6f\x6b\x65\x2d\
\x6c\x69\x6e\x65\x6a\x6f\x69\x6e\x3d\x22\x72\x6f\x75\x6e\x64\x22\
\x3e\x0a\x20\x20\x3c\x72\x65\x63\x74\x20\x78\x3d\x22\x34\x2e\x35\
\x22\x20\x79\x3d\x22\x35\x22\x20\x77\x69\x64\x74\x68\x3d\x22\x31\
\x32\x22\x20\x68\x65\x69\x67\x68\x74\x3d\x22\x31\x32\x22\x20\x72\
\x78\x3d\x22\x32\x22\x20\x66\x69\x6c\x6c\x3d\x22\x23\x45\x36\x45\
\x32\x46\x30\x22\x2f\x3e\x3c\x70\x61\x74\x68\x20\x64\x3d\x22\x4d\
\x37\x2e\x35\x20\x31\x34\x56\x38\x68\x36\x22\x20\x73\x74\x72\x6f\
\x6b\x65\x3d\x22\x23\x34\x35\x35\x34\x36\x38\x22\x2f\x3e\x3c\x70\
\x61\x74\x68\x20\x64\x3d\x22\x4d\x31\x38\x20\x31\x32\x2e\x35\x63\
\x31\x2e\x37\x20\x32\x20\x32\x2e\x35\x20\x33\x2e\x33\x20\x32\x2e\
\x35\x20\x34\x2e\x35\x61\x32\x2e\x35\x20\x32\x2e\x35\x20\x30\x20\
\x30\x20\x31\x2d\x35\x20\x30\x63\x30\x2d\x31\x2e\x32\x2e\x38\x2d\
\x32\x2e\x35\x20\x32\x2e\x35\x2d\x34\x2e\x35\x5a\x22\x20\x66\x69\
\x6c\x6c\x3d\x22\x23\x45\x36\x45\x32\x46\x30\x22\x2f\x3e\x0a\x3c\
\x2f\x73\x76\x67\x3e\x0a\
\x00\x00\x01\x8a\
\x3c\
\x73\x76\x67\x20\x78\x6d\x6c\x6e\x73\x3d\x22\x68\x74\x74\x70\x3a\
\x2f\x2f\x77\x77\x77\x2e\x77\x33\x2e\x6f\x72\x67\x2f\x32\x30\x30\
\x30\x2f\x73\x76\x67\x22\x20\x77\x69\x64\x74\x68\x3d\x22\x32\x34\
\x22\x20\x68\x65\x69\x67\x68\x74\x3d\x22\x32\x34\x22\x20\x76\x69\
\x65\x77\x42\x6f\x78\x3d\x22\x30\x20\x30\x20\x32\x34\x20\x32\x34\
\x22\x20\x66\x69\x6c\x6c\x3d\x22\x6e\x6f\x6e\x65\x22\x20\x73\x74\
\x72\x6f\x6b\x65\x3d\x22\x23\x37\x35\x36\x42\x39\x45\x22\x20\x73\
\x74\x72\x6f\x6b\x65\x2d\x77\x69\x64\x74\x68\x3d\x22\x31\x2e\x38\
\x22\x20\x73\x74\x72\x6f\x6b\x65\x2d\x6c\x69\x6e\x65\x63\x61\x70\
\x3d\x22\x72\x6f\x75\x6e\x64\x22\x20\x73\x74\x72\x6f\x6b\x65\x2d\
\x6c\x69\x6e\x65\x6a\x6f\x69\x6e\x3d\x22\x72\x6f\x75\x6e\x64\x22\
\x3e\x0a\x20\x20\x3c\x70\x61\x74\x68\x20\x64\x3d\x22\x4d\x34\x20\
\x38\x56\x36\x2e\x38\x41\x31\x2e\x38\x20\x31\x2e\x38\x20\x30\x20\
\x30\x20\x31\x20\x35\x2e\x38\x20\x35\x68\x33\x2e\x38\x6c\x32\x20\
\x32\x2e\x32\x68\x36\x2e\x36\x41\x31\x2e\x38\x20\x31\x2e\x38\x20\
\x30\x20\x30\x20\x31\x20\x32\x30\x20\x39\x76\x38\x2e\x32\x61\x31\
\x2e\x38\x20\x31\x2e\x38\x20\x30\x20\x30\x20\x31\x2d\x31\x2e\x38\
\x20\x31\x2e\x38\x48\x35\x2e\x38\x41\x31\x2e\x38\x20\x31\x2e\x38\
\x20\x30\x20\x30\x20\x31\x20\x34\x20\x31\x37\x2e\x32\x5a\x22\x20\
\x66\x69\x6c\x6c\x3d\x22\x23\x45\x36\x45\x32\x46\x30\x22\x2f\x3e\
\x3c\x72\x65\x63\x74\x20\x78\x3d\x22\x38\x22\x20\x79\x3d\x22\x31\
\x31\x22\x20\x77\x69\x64\x74\x68\x3d\x22\x38\x22\x20\x68\x65\x69\
\x67\x68\x74\x3d\x22\x35\x22\x20\x72\x78\x3d\x22\x31\x22\x20\x73\
\x74\x72\x6f\x6b\x65\x3d\x22\x23\x34\x35\x35\x34\x36\x38\x22\x2f\
\x3e\x0a\x3c\x2f\x73\x76\x67\x3e\x0a\
\x00\x00\x01\x84\
\x3c\
\x73\x76\x67\x20\x78\x6d\x6c\x6e\x73\x3d\x22\x68\x74\x74\x70\x3a\
\x2f\x2f\x77\x77\x77\x2e\x77\x33\x2e\x6f\x72\x67\x2f\x32\x30\x30\
\x30\x2f\x73\x76\x67\x22\x20\x77\x69\x64\x74\x68\x3d\x22\x32\x34\
\x22\x20\x68\x65\x69\x67\x68\x74\x3d\x22\x32\x34\x22\x20\x76\x69\
\x65\x77\x42\x6f\x78\x3d\x22\x30\x20\x30\x20\x32\x34\x20\x32\x34\
\x22\x20\x66\x69\x6c\x6c\x3d\x22\x6e\x6f\x6e\x65\x22\x20\x73\x74\
\x72\x6f\x6b\x65\x3d\x22\x23\x41\x36\x35\x46\x35\x46\x22\x20\x73\
\x74\x72\x6f\x6b\x65\x2d\x77\x69\x64\x74\x68\x3d\x22\x31\x2e\x38\
\x22\x20\x73\x74\x72\x6f\x6b\x65\x2d\x6c\x69\x6e\x65\x63\x61\x70\
\x3d\x22\x72\x6f\x75\x6e\x64\x22\x20\x73\x74\x72\x6f\x6b\x65\x2d\
\x6c\x69\x6e\x65\x6a\x6f\x69\x6e\x3d\x22\x72\x6f\x75\x6e\x64\x22\
\x3e\x0a\x20\x20\x3c\x70\x61\x74\x68\x20\x64\x3d\x22\x4d\x37\x20\
\x37\x2e\x35\x68\x31\x30\x6c\x2d\x2e\x37\x20\x31\x31\x2e\x32\x61\
\x31\x2e\x38\x20\x31\x2e\x38\x20\x30\x20\x30\x20\x31\x2d\x31\x2e\
\x38\x20\x31\x2e\x37\x68\x2d\x35\x61\x31\x2e\x38\x20\x31\x2e\x38\
\x20\x30\x20\x30\x20\x31\x2d\x31\x2e\x38\x2d\x31\x2e\x37\x5a\x22\
\x20\x66\x69\x6c\x6c\x3d\x22\x23\x46\x31\x44\x45\x44\x45\x22\x2f\
\x3e\x0a\x20\x20\x3c\x70\x61\x74\x68\x20\x64\x3d\x22\x4d\x35\x2e\
\x35\x20\x37\x2e\x35\x68\x31\x33\x4d\x39\x2e\x33\x20\x37\x2e\x35\
\x56\x34\x2e\x38\x68\x35\x2e\x34\x76\x32\x2e\x37\x22\x2f\x3e\x0a\
\x20\x20\x3c\x70\x61\x74\x68\x20\x64\x3d\x22\x4d\x31\x30\x2e\x33\
\x20\x31\x31\x2e\x32\x76\x35\x2e\x35\x4d\x31\x33\x2e\x37\x20\x31\
\x31\x2e\x32\x76\x35\x2e\x35\x22\x20\x73\x74\x72\x6f\x6b\x65\x3d\
\x22\x23\x34\x35\x35\x34\x36\x38\x22\x2f\x3e\x0a\x3c\x2f\x73\x76\
\x67\x3e\x0a\
\x00\x00\x01\x66\
\x3c\
\x73\x76\x67\x20\x78\x6d\x6c\x6e\x73\x3d\x22\x68\x74\x74\x70\x3a\
\x2f\x2f\x77\x77\x77\x2e\x77\x33\x2e\x6f\x72\x67\x2f\x32\x30\x30\
\x30\x2f\x73\x76\x67\x22\x20\x77\x69\x64\x74\x68\x3d\x22\x32\x34\
\x22\x20\x68\x65\x69\x67\x68\x74\x3d\x22\x32\x34\x22\x20\x76\x69\
\x65\x77\x42\x6f\x78\x3d\x22\x30\x20\x30\x20\x32\x34\x20\x32\x34\
\x22\x20\x66\x69\x6c\x6c\x3d\x22\x6e\x6f\x6e\x65\x22\x20\x73\x74\
\x72\x6f\x6b\x65\x3d\x22\x23\x37\x35\x36\x42\x39\x45\x22\x20\x73\
\x74\x72\x6f\x6b\x65\x2d\x77\x69\x64\x74\x68\x3d\x22\x31\x2e\x38\
\x22\x20\x73\x74\x72\x6f\x6b\x65\x2d\x6c\x69\x6e\x65\x63\x61\x70\
\x3d\x22\x72\x6f\x75\x6e\x64\x22\x20\x73\x74\x72\x6f\x6b\x65\x2d\
\x6c\x69\x6e\x65\x6a\x6f\x69\x6e\x3d\x22\x72\x6f\x75\x6e\x64\x22\
\x3e\x0a\x20\x20\x3c\x72\x65\x63\x74\x20\x78\x3d\x22\x38\x22\x20\
\x79\x3d\x22\x35\x22\x20\x77\x69\x64\x74\x68\x3d\x22\x31\x31\x22\
\x20\x68\x65\x69\x67\x68\x74\x3d\x22\x31\x34\x22\x20\x72\x78\x3d\
\x22\x32\x22\x20\x66\x69\x6c\x6c\x3d\x22\x23\x45\x36\x45\x32\x46\
\x30\x22\x2f\x3e\x3c\x72\x65\x63\x74\x20\x78\x3d\x22\x31\x31\x22\
\x20\x79\x3d\x22\x39\x22\x20\x77\x69\x64\x74\x68\x3d\x22\x35\x22\
\x20\x68\x65\x69\x67\x68\x74\x3d\x22\x35\x22\x20\x72\x78\x3d\x22\
\x31\x22\x20\x73\x74\x72\x6f\x6b\x65\x3d\x22\x23\x34\x35\x35\x34\
\x36\x38\x22\x2f\x3e\x3c\x70\x61\x74\x68\x20\x64\x3d\x22\x4d\x31\
\x32\x20\x31\x37\x48\x33\x2e\x35\x4d\x36\x2e\x35\x20\x31\x34\x20\
\x33\x2e\x35\x20\x31\x37\x6c\x33\x20\x33\x22\x2f\x3e\x0a\x3c\x2f\
\x73\x76\x67\x3e\x0a\
\x00\x00\x01\x3f\
\x3c\
\x73\x76\x67\x20\x78\x6d\x6c\x6e\x73\x3d\x22\x68\x74\x74\x70\x3a\
\x2f\x2f\x77\x77\x77\x2e\x77\x33\x2e\x6f\x72\x67\x2f\x32\x30\x30\
\x30\x2f\x73\x76\x67\x22\x20\x77\x69\x64\x74\x68\x3d\x22\x32\x34\
\x22\x20\x68\x65\x69\x67\x68\x74\x3d\x22\x32\x34\x22\x20\x76\x69\
\x65\x77\x42\x6f\x78\x3d\x22\x30\x20\x30\x20\x32\x34\x20\x32\x34\
\x22\x20\x66\x69\x6c\x6c\x3d\x22\x6e\x6f\x6e\x65\x22\x20\x73\x74\
\x72\x6f\x6b\x65\x3d\x22\x23\x34\x46\x38\x35\x38\x32\x22\x20\x73\
\x74\x72\x6f\x6b\x65\x2d\x77\x69\x64\x74\x68\x3d\x22\x31\x2e\x38\
\x22\x20\x73\x74\x72\x6f\x6b\x65\x2d\x6c\x69\x6e\x65\x63\x61\x70\
\x3d\x22\x72\x6f\x75\x6e\x64\x22\x20\x73\x74\x72\x6f\x6b\x65\x2d\
\x6c\x69\x6e\x65\x6a\x6f\x69\x6e\x3d\x22\x72\x6f\x75\x6e\x64\x22\
\x3e\x0a\x20\x20\x3c\x70\x61\x74\x68\x20\x64\x3d\x22\x4d\x35\x20\
\x31\x30\x2e\x35\x20\x31\x32\x20\x34\x2e\x35\x6c\x37\x20\x36\x5a\
\x22\x20\x66\x69\x6c\x6c\x3d\x22\x23\x44\x43\x45\x42\x45\x38\x22\
\x2f\x3e\x3c\x70\x61\x74\x68\x20\x64\x3d\x22\x4d\x35\x20\x31\x33\
\x2e\x35\x20\x31\x32\x20\x31\x39\x2e\x35\x6c\x37\x2d\x36\x5a\x22\
\x20\x66\x69\x6c\x6c\x3d\x22\x23\x44\x43\x45\x42\x45\x38\x22\x2f\
\x3e\x3c\x70\x61\x74\x68\x20\x64\x3d\x22\x4d\x34\x20\x31\x32\x68\
\x31\x36\x22\x20\x73\x74\x72\x6f\x6b\x65\x3d\x22\x23\x34\x35\x35\
\x34\x36\x38\x22\x2f\x3e\x0a\x3c\x2f\x73\x76\x67\x3e\x0a\
\x00\x00\x01\x59\
\x3c\
\x73\x76\x67\x20\x78\x6d\x6c\x6e\x73\x3d\x22\x68\x74\x74\x70\x3a\
\x2f\x2f\x77\x77\x77\x2e\x77\x33\x2e\x6f\x72\x67\x2f\x32\x30\x30\
\x30\x2f\x73\x76\x67\x22\x20\x77\x69\x64\x74\x68\x3d\x22\x32\x34\
\x22\x20\x68\x65\x69\x67\x68\x74\x3d\x22\x32\x34\x22\x20\x76\x69\
\x65\x77\x42\x6f\x78\x3d\x22\x30\x20\x30\x20\x32\x34\x20\x32\x34\
\x22\x20\x66\x69\x6c\x6c\x3d\x22\x6e\x6f\x6e\x65\x22\x20\x73\x74\
\x72\x6f\x6b\x65\x3d\x22\x23\x37\x35\x36\x42\x39\x45\x22\x20\x73\
\x74\x72\x6f\x6b\x65\x2d\x77\x69\x64\x74\x68\x3d\x22\x31\x2e\x38\
\x22\x20\x73\x74\x72\x6f\x6b\x65\x2d\x6c\x69\x6e\x65\x63\x61\x70\
\x3d\x22\x72\x6f\x75\x6e\x64\x22\x20\x73\x74\x72\x6f\x6b\x65\x2d\
\x6c\x69\x6e\x65\x6a\x6f\x69\x6e\x3d\x22\x72\x6f\x75\x6e\x64\x22\
\x3e\x0a\x20\x20\x3c\x70\x61\x74\x68\x20\x64\x3d\x22\x4d\x34\x20\
\x36\x76\x36\x6c\x37\x2e\x35\x20\x37\x2e\x35\x20\x37\x2d\x37\x4c\
\x31\x31\x20\x35\x48\x35\x61\x31\x20\x31\x20\x30\x20\x30\x20\x30\
\x2d\x31\x20\x31\x5a\x22\x20\x66\x69\x6c\x6c\x3d\x22\x23\x45\x36\
\x45\x32\x46\x30\x22\x2f\x3e\x3c\x63\x69\x72\x63\x6c\x65\x20\x63\
\x78\x3d\x22\x38\x22\x20\x63\x79\x3d\x22\x39\x22\x20\x72\x3d\x22\
\x31\x22\x20\x66\x69\x6c\x6c\x3d\x22\x23\x34\x35\x35\x34\x36\x38\
\x22\x20\x73\x74\x72\x6f\x6b\x65\x3d\x22\x6e\x6f\x6e\x65\x22\x2f\
\x3e\x3c\x70\x61\x74\x68\x20\x64\x3d\x22\x6d\x31\x33\x2e\x35\x20\
\x35\x20\x36\x2e\x35\x20\x36\x2e\x35\x2d\x32\x20\x32\x22\x2f\x3e\
\x0a\x3c\x2f\x73\x76\x67\x3e\x0a\
\x00\x00\x01\x45\
\x3c\
\x73\x76\x67\x20\x78\x6d\x6c\x6e\x73\x3d\x22\x68\x74\x74\x70\x3a\
\x2f\x2f\x77\x77\x77\x2e\x77\x33\x2e\x6f\x72\x67\x2f\x32\x30\x30\
\x30\x2f\x73\x76\x67\x22\x20\x77\x69\x64\x74\x68\x3d\x22\x32\x34\
\x22\x20\x68\x65\x69\x67\x68\x74\x3d\x22\x32\x34\x22\x20\x76\x69\
\x65\x77\x42\x6f\x78\x3d\x22\x30\x20\x30\x20\x32\x34\x20\x32\x34\
\x22\x20\x66\x69\x6c\x6c\x3d\x22\x6e\x6f\x6e\x65\x22\x20\x73\x74\
\x72\x6f\x6b\x65\x3d\x22\x23\x36\x34\x37\x38\x38\x46\x22\x20\x73\
\x74\x72\x6f\x6b\x65\x2d\x77\x69\x64\x74\x68\x3d\x22\x31\x2e\x38\
\x22\x20\x73\x74\x72\x6f\x6b\x65\x2d\x6c\x69\x6e\x65\x63\x61\x70\
\x3d\x22\x72\x6f\x75\x6e\x64\x22\x20\x73\x74\x72\x6f\x6b\x65\x2d\
\x6c\x69\x6e\x65\x6a\x6f\x69\x6e\x3d\x22\x72\x6f\x75\x6e\x64\x22\
\x3e\x0a\x20\x20\x3c\x72\x65\x63\x74\x20\x78\x3d\x22\x33\x2e\x35\
\x22\x20\x79\x3d\x22\x35\x22\x20\x77\x69\x64\x74\x68\x3d\x22\x31\
\x37\x22\x20\x68\x65\x69\x67\x68\x74\x3d\x22\x31\x34\x22\x20\x72\
\x78\x3d\x22\x32\x22\x20\x66\x69\x6c\x6c\x3d\x22\x23\x45\x32\x45\
\x38\x45\x45\x22\x2f\x3e\x3c\x70\x61\x74\x68\x20\x64\x3d\x22\x4d\
\x36\x2e\x35\x20\x31\x32\x68\x31\x31\x4d\x36\x2e\x35\x20\x31\x32\
\x6c\x33\x2d\x33\x4d\x36\x2e\x35\x20\x31\x32\x6c\x33\x20\x33\x4d\
\x31\x37\x2e\x35\x20\x31\x32\x6c\x2d\x33\x2d\x33\x4d\x31\x37\x2e\
\x35\x20\x31\x32\x6c\x2d\x33\x20\x33\x22\x2f\x3e\x0a\x3c\x2f\x73\
\x76\x67\x3e\x0a\
\x00\x00\x01\x7d\
\x3c\
\x73\x76\x67\x20\x78\x6d\x6c\x6e\x73\x3d\x22\x68\x74\x74\x70\x3a\
\x2f\x2f\x77\x77\x77\x2e\x77\x33\x2e\x6f\x72\x67\x2f\x32\x30\x30\
\x30\x2f\x73\x76\x67\x22\x20\x77\x69\x64\x74\x68\x3d\x22\x32\x34\
\x22\x20\x68\x65\x69\x67\x68\x74\x3d\x22\x32\x34\x22\x20\x76\x69\
\x65\x77\x42\x6f\x78\x3d\x22\x30\x20\x30\x20\x32\x34\x20\x32\x34\
\x22\x20\x66\x69\x6c\x6c\x3d\x22\x6e\x6f\x6e\x65\x22\x20\x73\x74\
\x72\x6f\x6b\x65\x3d\x22\x23\x37\x35\x36\x42\x39\x45\x22\x20\x73\
\x74\x72\x6f\x6b\x65\x2d\x77\x69\x64\x74\x68\x3d\x22\x31\x2e\x38\
\x22\x20\x73\x74\x72\x6f\x6b\x65\x2d\x6c\x69\x6e\x65\x63\x61\x70\
\x3d\x22\x72\x6f\x75\x6e\x64\x22\x20\x73\x74\x72\x6f\x6b\x65\x2d\
\x6c\x69\x6e\x65\x6a\x6f\x69\x6e\x3d\x22\x72\x6f\x75\x6e\x64\x22\
\x3e\x0a\x20\x20\x3c\x70\x61\x74\x68\x20\x64\x3d\x22\x4d\x34\x20\
\x36\x76\x36\x6c\x36\x2e\x35\x20\x36\x2e\x35\x20\x37\x2d\x37\x4c\
\x31\x31\x20\x35\x48\x35\x61\x31\x20\x31\x20\x30\x20\x30\x20\x30\
\x2d\x31\x20\x31\x5a\x22\x20\x66\x69\x6c\x6c\x3d\x22\x23\x45\x36\
\x45\x32\x46\x30\x22\x2f\x3e\x3c\x63\x69\x72\x63\x6c\x65\x20\x63\
\x78\x3d\x22\x38\x22\x20\x63\x79\x3d\x22\x39\x22\x20\x72\x3d\x22\
\x31\x22\x20\x66\x69\x6c\x6c\x3d\x22\x23\x34\x35\x35\x34\x36\x38\
\x22\x20\x73\x74\x72\x6f\x6b\x65\x3d\x22\x6e\x6f\x6e\x65\x22\x2f\
\x3e\x3c\x70\x61\x74\x68\x20\x64\x3d\x22\x6d\x31\x32\x2e\x35\x20\
\x31\x39\x20\x2e\x37\x2d\x32\x2e\x37\x20\x34\x2e\x38\x2d\x34\x2e\
\x38\x20\x32\x2e\x32\x20\x32\x2e\x32\x2d\x34\x2e\x38\x20\x34\x2e\
\x38\x5a\x22\x20\x66\x69\x6c\x6c\x3d\x22\x23\x45\x36\x45\x32\x46\
\x30\x22\x2f\x3e\x0a\x3c\x2f\x73\x76\x67\x3e\x0a\
\x00\x00\x01\x63\
\x3c\
\x73\x76\x67\x20\x78\x6d\x6c\x6e\x73\x3d\x22\x68\x74\x74\x70\x3a\
\x2f\x2f\x77\x77\x77\x2e\x77\x33\x2e\x6f\x72\x67\x2f\x32\x30\x30\
\x30\x2f\x73\x76\x67\x22\x20\x77\x69\x64\x74\x68\x3d\x22\x32\x34\
\x22\x20\x68\x65\x69\x67\x68\x74\x3d\x22\x32\x34\x22\x20\x76\x69\
\x65\x77\x42\x6f\x78\x3d\x22\x30\x20\x30\x20\x32\x34\x20\x32\x34\
\x22\x20\x66\x69\x6c\x6c\x3d\x22\x6e\x6f\x6e\x65\x22\x20\x73\x74\
\x72\x6f\x6b\x65\x3d\x22\x23\x34\x46\x38\x35\x38\x32\x22\x20\x73\
\x74\x72\x6f\x6b\x65\x2d\x77\x69\x64\x74\x68\x3d\x22\x31\x2e\x38\
\x22\x20\x73\x74\x72\x6f\x6b\x65\x2d\x6c\x69\x6e\x65\x63\x61\x70\
\x3d\x22\x72\x6f\x75\x6e\x64\x22\x20\x73\x74\x72\x6f\x6b\x65\x2d\
\x6c\x69\x6e\x65\x6a\x6f\x69\x6e\x3d\x22\x72\x6f\x75\x6e\x64\x22\
\x3e\x0a\x20\x20\x3c\x72\x65\x63\x74\x20\x78\x3d\x22\x34\x22\x20\
\x79\x3d\x22\x35\x22\x20\x77\x69\x64\x74\x68\x3d\x22\x31\x34\x22\
\x20\x68\x65\x69\x67\x68\x74\x3d\x22\x31\x33\x22\x20\x72\x78\x3d\
\x22\x32\x22\x20\x66\x69\x6c\x6c\x3d\x22\x23\x44\x43\x45\x42\x45\
\x38\x22\x2f\x3e\x3c\x70\x61\x74\x68\x20\x64\x3d\x22\x6d\x36\x2e\
\x35\x20\x31\x35\x20\x33\x2d\x33\x20\x32\x2e\x32\x20\x32\x20\x32\
\x2d\x31\x2e\x38\x20\x32\x20\x32\x22\x20\x73\x74\x72\x6f\x6b\x65\
\x3d\x22\x23\x34\x35\x35\x34\x36\x38\x22\x2f\x3e\x3c\x70\x61\x74\
\x68\x20\x64\x3d\x22\x4d\x31\x39\x20\x34\x76\x34\x4d\x31\x37\x20\
\x36\x68\x34\x4d\x31\x39\x20\x31\x34\x76\x35\x4d\x31\x36\x2e\x35\
\x20\x31\x36\x2e\x35\x68\x35\x22\x2f\x3e\x0a\x3c\x2f\x73\x76\x67\
\x3e\x0a\
\x00\x00\x01\x7b\
\x3c\
\x73\x76\x67\x20\x78\x6d\x6c\x6e\x73\x3d\x22\x68\x74\x74\x70\x3a\
\x2f\x2f\x77\x77\x77\x2e\x77\x33\x2e\x6f\x72\x67\x2f\x32\x30\x30\
\x30\x2f\x73\x76\x67\x22\x20\x77\x69\x64\x74\x68\x3d\x22\x32\x34\
\x22\x20\x68\x65\x69\x67\x68\x74\x3d\x22\x32\x34\x22\x20\x76\x69\
\x65\x77\x42\x6f\x78\x3d\x22\x30\x20\x30\x20\x32\x34\x20\x32\x34\
\x22\x20\x66\x69\x6c\x6c\x3d\x22\x6e\x6f\x6e\x65\x22\x20\x73\x74\
\x72\x6f\x6b\x65\x3d\x22\x23\x35\x46\x38\x34\x36\x38\x22\x20\x73\
\x74\x72\x6f\x6b\x65\x2d\x77\x69\x64\x74\x68\x3d\x22\x31\x2e\x38\
\x22\x20\x73\x74\x72\x6f\x6b\x65\x2d\x6c\x69\x6e\x65\x63\x61\x70\
\x3d\x22\x72\x6f\x75\x6e\x64\x22\x20\x73\x74\x72\x6f\x6b\x65\x2d\
\x6c\x69\x6e\x65\x6a\x6f\x69\x6e\x3d\x22\x72\x6f\x75\x6e\x64\x22\
\x3e\x0a\x20\x20\x3c\x72\x65\x63\x74\x20\x78\x3d\x22\x35\x2e\x35\
\x22\x20\x79\x3d\x22\x35\x2e\x35\x22\x20\x77\x69\x64\x74\x68\x3d\
\x22\x31\x33\x22\x20\x68\x65\x69\x67\x68\x74\x3d\x22\x31\x35\x22\
\x20\x72\x78\x3d\x22\x32\x22\x20\x66\x69\x6c\x6c\x3d\x22\x23\x44\
\x46\x45\x41\x44\x46\x22\x2f\x3e\x0a\x20\x20\x3c\x72\x65\x63\x74\
\x20\x78\x3d\x22\x39\x22\x20\x79\x3d\x22\x33\x2e\x35\x22\x20\x77\
\x69\x64\x74\x68\x3d\x22\x36\x22\x20\x68\x65\x69\x67\x68\x74\x3d\
\x22\x33\x2e\x35\x22\x20\x72\x78\x3d\x22\x31\x22\x20\x66\x69\x6c\
\x6c\x3d\x22\x23\x44\x46\x45\x41\x44\x46\x22\x20\x73\x74\x72\x6f\
\x6b\x65\x3d\x22\x23\x34\x35\x35\x34\x36\x38\x22\x2f\x3e\x0a\x20\
\x20\x3c\x70\x61\x74\x68\x20\x64\x3d\x22\x6d\x38\x2e\x35\x20\x31\
\x33\x20\x32\x2e\x34\x20\x32\x2e\x35\x20\x34\x2e\x38\x2d\x35\x22\
\x2f\x3e\x0a\x3c\x2f\x73\x76\x67\x3e\x0a\
\x00\x00\x01\x67\
\x3c\
\x73\x76\x67\x20\x78\x6d\x6c\x6e\x73\x3d\x22\x68\x74\x74\x70\x3a\
\x2f\x2f\x77\x77\x77\x2e\x77\x33\x2e\x6f\x72\x67\x2f\x32\x30\x30\
\x30\x2f\x73\x76\x67\x22\x20\x77\x69\x64\x74\x68\x3d\x22\x32\x34\
\x22\x20\x68\x65\x69\x67\x68\x74\x3d\x22\x32\x34\x22\x20\x76\x69\
\x65\x77\x42\x6f\x78\x3d\x22\x30\x20\x30\x20\x32\x34\x20\x32\x34\
\x22\x20\x66\x69\x6c\x6c\x3d\x22\x6e\x6f\x6e\x65\x22\x20\x73\x74\
\x72\x6f\x6b\x65\x3d\x22\x23\x37\x35\x36\x42\x39\x45\x22\x20\x73\
\x74\x72\x6f\x6b\x65\x2d\x77\x69\x64\x74\x68\x3d\x22\x31\x2e\x38\
\x22\x20\x73\x74\x72\x6f\x6b\x65\x2d\x6c\x69\x6e\x65\x63\x61\x70\
\x3d\x22\x72\x6f\x75\x6e\x64\x22\x20\x73\x74\x72\x6f\x6b\x65\x2d\
\x6c\x69\x6e\x65\x6a\x6f\x69\x6e\x3d\x22\x72\x6f\x75\x6e\x64\x22\
\x3e\x0a\x20\x20\x3c\x72\x65\x63\x74\x20\x78\x3d\x22\x34\x22\x20\
\x79\x3d\x22\x35\x22\x20\x77\x69\x64\x74\x68\x3d\x22\x39\x22\x20\
\x68\x65\x69\x67\x68\x74\x3d\x22\x39\x22\x20\x72\x78\x3d\x22\x32\
\x22\x20\x66\x69\x6c\x6c\x3d\x22\x23\x45\x36\x45\x32\x46\x30\x22\
\x2f\x3e\x3c\x72\x65\x63\x74\x20\x78\x3d\x22\x31\x31\x22\x20\x79\
\x3d\x22\x31\x30\x22\x20\x77\x69\x64\x74\x68\x3d\x22\x39\x22\x20\
\x68\x65\x69\x67\x68\x74\x3d\x22\x39\x22\x20\x72\x78\x3d\x22\x32\
\x22\x20\x66\x69\x6c\x6c\x3d\x22\x23\x45\x36\x45\x32\x46\x30\x22\
\x2f\x3e\x3c\x70\x61\x74\x68\x20\x64\x3d\x22\x4d\x38\x2e\x35\x20\
\x31\x37\x2e\x35\x68\x2d\x34\x76\x2d\x34\x22\x20\x73\x74\x72\x6f\
\x6b\x65\x3d\x22\x23\x34\x35\x35\x34\x36\x38\x22\x2f\x3e\x0a\x3c\
\x2f\x73\x76\x67\x3e\x0a\
\x00\x00\x01\x79\
\x3c\
\x73\x76\x67\x20\x78\x6d\x6c\x6e\x73\x3d\x22\x68\x74\x74\x70\x3a\
\x2f\x2f\x77\x77\x77\x2e\x77\x33\x2e\x6f\x72\x67\x2f\x32\x30\x30\
\x30\x2f\x73\x76\x67\x22\x20\x77\x69\x64\x74\x68\x3d\x22\x32\x34\
\x22\x20\x68\x65\x69\x67\x68\x74\x3d\x22\x32\x34\x22\x20\x76\x69\
\x65\x77\x42\x6f\x78\x3d\x22\x30\x20\x30\x20\x32\x34\x20\x32\x34\
\x22\x20\x66\x69\x6c\x6c\x3d\x22\x6e\x6f\x6e\x65\x22\x20\x73\x74\
\x72\x6f\x6b\x65\x3d\x22\x23\x37\x42\x36\x46\x39\x34\x22\x20\x73\
\x74\x72\x6f\x6b\x65\x2d\x77\x69\x64\x74\x68\x3d\x22\x31\x2e\x38\
\x22\x20\x73\x74\x72\x6f\x6b\x65\x2d\x6c\x69\x6e\x65\x63\x61\x70\
\x3d\x22\x72\x6f\x75\x6e\x64\x22\x20\x73\x74\x72\x6f\x6b\x65\x2d\
\x6c\x69\x6e\x65\x6a\x6f\x69\x6e\x3d\x22\x72\x6f\x75\x6e\x64\x22\
\x3e\x0a\x20\x20\x3c\x63\x69\x72\x63\x6c\x65\x20\x63\x78\x3d\x22\
\x31\x32\x22\x20\x63\x79\x3d\x22\x31\x31\x22\x20\x72\x3d\x22\x37\
\x2e\x35\x22\x20\x66\x69\x6c\x6c\x3d\x22\x23\x45\x38\x45\x32\x45\
\x45\x22\x2f\x3e\x3c\x70\x61\x74\x68\x20\x64\x3d\x22\x4d\x34\x2e\
\x35\x20\x31\x31\x68\x31\x35\x4d\x31\x32\x20\x33\x2e\x35\x63\x32\
\x20\x32\x2e\x31\x20\x33\x20\x34\x2e\x36\x20\x33\x20\x37\x2e\x35\
\x73\x2d\x31\x20\x35\x2e\x34\x2d\x33\x20\x37\x2e\x35\x63\x2d\x32\
\x2d\x32\x2e\x31\x2d\x33\x2d\x34\x2e\x36\x2d\x33\x2d\x37\x2e\x35\
\x73\x31\x2d\x35\x2e\x34\x20\x33\x2d\x37\x2e\x35\x5a\x22\x20\x73\
\x74\x72\x6f\x6b\x65\x3d\x22\x23\x34\x35\x35\x34\x36\x38\x22\x2f\
\x3e\x3c\x70\x61\x74\x68\x20\x64\x3d\x22\x6d\x39\x20\x31\x38\x2e\
\x35\x2d\x32\x20\x32\x2e\x35\x20\x34\x2d\x32\x2e\x35\x22\x2f\x3e\
\x0a\x3c\x2f\x73\x76\x67\x3e\x0a\
\x00\x00\x01\x73\
\x3c\
\x73\x76\x67\x20\x78\x6d\x6c\x6e\x73\x3d\x22\x68\x74\x74\x70\x3a\
\x2f\x2f\x77\x77\x77\x2e\x77\x33\x2e\x6f\x72\x67\x2f\x32\x30\x30\
\x30\x2f\x73\x76\x67\x22\x20\x77\x69\x64\x74\x68\x3d\x22\x32\x34\
\x22\x20\x68\x65\x69\x67\x68\x74\x3d\x22\x32\x34\x22\x20\x76\x69\
\x65\x77\x42\x6f\x78\x3d\x22\x30\x20\x30\x20\x32\x34\x20\x32\x34\
\x22\x20\x66\x69\x6c\x6c\x3d\x22\x6e\x6f\x6e\x65\x22\x20\x73\x74\
\x72\x6f\x6b\x65\x3d\x22\x23\x35\x36\x37\x37\x41\x36\x22\x20\x73\
\x74\x72\x6f\x6b\x65\x2d\x77\x69\x64\x74\x68\x3d\x22\x31\x2e\x38\
\x22\x20\x73\x74\x72\x6f\x6b\x65\x2d\x6c\x69\x6e\x65\x63\x61\x70\
\x3d\x22\x72\x6f\x75\x6e\x64\x22\x20\x73\x74\x72\x6f\x6b\x65\x2d\
\x6c\x69\x6e\x65\x6a\x6f\x69\x6e\x3d\x22\x72\x6f\x75\x6e\x64\x22\
\x3e\x0a\x20\x20\x3c\x70\x61\x74\x68\x20\x64\x3d\x22\x4d\x36\x20\
\x33\x2e\x35\x68\x38\x6c\x34\x20\x34\x76\x31\x33\x48\x36\x5a\x22\
\x20\x66\x69\x6c\x6c\x3d\x22\x23\x44\x43\x45\x36\x46\x32\x22\x2f\
\x3e\x3c\x70\x61\x74\x68\x20\x64\x3d\x22\x4d\x31\x34\x20\x33\x2e\
\x35\x76\x34\x68\x34\x22\x2f\x3e\x3c\x72\x65\x63\x74\x20\x78\x3d\
\x22\x39\x22\x20\x79\x3d\x22\x31\x31\x22\x20\x77\x69\x64\x74\x68\
\x3d\x22\x36\x22\x20\x68\x65\x69\x67\x68\x74\x3d\x22\x35\x22\x20\
\x72\x78\x3d\x22\x31\x22\x20\x73\x74\x72\x6f\x6b\x65\x3d\x22\x23\
\x34\x35\x35\x34\x36\x38\x22\x2f\x3e\x3c\x70\x61\x74\x68\x20\x64\
\x3d\x22\x4d\x31\x32\x20\x39\x2e\x35\x76\x38\x4d\x37\x2e\x35\x20\
\x31\x33\x2e\x35\x68\x39\x22\x20\x73\x74\x72\x6f\x6b\x65\x3d\x22\
\x23\x34\x35\x35\x34\x36\x38\x22\x2f\x3e\x0a\x3c\x2f\x73\x76\x67\
\x3e\x0a\
\x00\x00\x01\x43\
\x3c\
\x73\x76\x67\x20\x78\x6d\x6c\x6e\x73\x3d\x22\x68\x74\x74\x70\x3a\
\x2f\x2f\x77\x77\x77\x2e\x77\x33\x2e\x6f\x72\x67\x2f\x32\x30\x30\
\x30\x2f\x73\x76\x67\x22\x20\x77\x69\x64\x74\x68\x3d\x22\x32\x34\
\x22\x20\x68\x65\x69\x67\x68\x74\x3d\x22\x32\x34\x22\x20\x76\x69\
\x65\x77\x42\x6f\x78\x3d\x22\x30\x20\x30\x20\x32\x34\x20\x32\x34\
\x22\x20\x66\x69\x6c\x6c\x3d\x22\x6e\x6f\x6e\x65\x22\x20\x73\x74\
\x72\x6f\x6b\x65\x3d\x22\x23\x34\x46\x38\x35\x38\x32\x22\x20\x73\
\x74\x72\x6f\x6b\x65\x2d\x77\x69\x64\x74\x68\x3d\x22\x31\x2e\x38\
\x22\x20\x73\x74\x72\x6f\x6b\x65\x2d\x6c\x69\x6e\x65\x63\x61\x70\
\x3d\x22\x72\x6f\x75\x6e\x64\x22\x20\x73\x74\x72\x6f\x6b\x65\x2d\
\x6c\x69\x6e\x65\x6a\x6f\x69\x6e\x3d\x22\x72\x6f\x75\x6e\x64\x22\
\x3e\x0a\x20\x20\x3c\x72\x65\x63\x74\x20\x78\x3d\x22\x37\x22\x20\
\x79\x3d\x22\x36\x22\x20\x77\x69\x64\x74\x68\x3d\x22\x31\x30\x22\
\x20\x68\x65\x69\x67\x68\x74\x3d\x22\x31\x30\x22\x20\x72\x78\x3d\
\x22\x32\x22\x20\x66\x69\x6c\x6c\x3d\x22\x23\x44\x43\x45\x42\x45\
\x38\x22\x2f\x3e\x3c\x70\x61\x74\x68\x20\x64\x3d\x22\x4d\x31\x39\
\x2e\x35\x20\x31\x32\x61\x37\x2e\x35\x20\x37\x2e\x35\x20\x30\x20\
\x30\x20\x31\x2d\x31\x32\x2e\x38\x20\x35\x2e\x33\x4d\x36\x2e\x37\
\x20\x31\x37\x2e\x33\x68\x34\x4d\x36\x2e\x37\x20\x31\x37\x2e\x33\
\x6c\x2e\x35\x20\x33\x2e\x37\x22\x2f\x3e\x0a\x3c\x2f\x73\x76\x67\
\x3e\x0a\
\x00\x00\x01\x73\
\x3c\
\x73\x76\x67\x20\x78\x6d\x6c\x6e\x73\x3d\x22\x68\x74\x74\x70\x3a\
\x2f\x2f\x77\x77\x77\x2e\x77\x33\x2e\x6f\x72\x67\x2f\x32\x30\x30\
\x30\x2f\x73\x76\x67\x22\x20\x77\x69\x64\x74\x68\x3d\x22\x32\x34\
\x22\x20\x68\x65\x69\x67\x68\x74\x3d\x22\x32\x34\x22\x20\x76\x69\
\x65\x77\x42\x6f\x78\x3d\x22\x30\x20\x30\x20\x32\x34\x20\x32\x34\
\x22\x20\x66\x69\x6c\x6c\x3d\x22\x6e\x6f\x6e\x65\x22\x20\x73\x74\
\x72\x6f\x6b\x65\x3d\x22\x23\x35\x36\x37\x37\x41\x36\x22\x20\x73\
\x74\x72\x6f\x6b\x65\x2d\x77\x69\x64\x74\x68\x3d\x22\x31\x2e\x38\
\x22\x20\x73\x74\x72\x6f\x6b\x65\x2d\x6c\x69\x6e\x65\x63\x61\x70\
\x3d\x22\x72\x6f\x75\x6e\x64\x22\x20\x73\x74\x72\x6f\x6b\x65\x2d\
\x6c\x69\x6e\x65\x6a\x6f\x69\x6e\x3d\x22\x72\x6f\x75\x6e\x64\x22\
\x3e\x0a\x20\x20\x3c\x70\x61\x74\x68\x20\x64\x3d\x22\x4d\x36\x20\
\x33\x2e\x35\x68\x38\x6c\x34\x20\x34\x76\x31\x33\x48\x36\x5a\x22\
\x20\x66\x69\x6c\x6c\x3d\x22\x23\x44\x43\x45\x36\x46\x32\x22\x2f\
\x3e\x3c\x70\x61\x74\x68\x20\x64\x3d\x22\x4d\x31\x34\x20\x33\x2e\
\x35\x76\x34\x68\x34\x22\x2f\x3e\x3c\x72\x65\x63\x74\x20\x78\x3d\
\x22\x39\x22\x20\x79\x3d\x22\x31\x31\x22\x20\x77\x69\x64\x74\x68\
\x3d\x22\x36\x22\x20\x68\x65\x69\x67\x68\x74\x3d\x22\x35\x22\x20\
\x72\x78\x3d\x22\x31\x22\x20\x73\x74\x72\x6f\x6b\x65\x3d\x22\x23\
\x34\x35\x35\x34\x36\x38\x22\x2f\x3e\x3c\x70\x61\x74\x68\x20\x64\
\x3d\x22\x4d\x31\x32\x20\x39\x2e\x35\x76\x38\x4d\x37\x2e\x35\x20\
\x31\x33\x2e\x35\x68\x39\x22\x20\x73\x74\x72\x6f\x6b\x65\x3d\x22\
\x23\x34\x35\x35\x34\x36\x38\x22\x2f\x3e\x0a\x3c\x2f\x73\x76\x67\
\x3e\x0a\
\x00\x00\x01\x90\
\x3c\
\x73\x76\x67\x20\x78\x6d\x6c\x6e\x73\x3d\x22\x68\x74\x74\x70\x3a\
\x2f\x2f\x77\x77\x77\x2e\x77\x33\x2e\x6f\x72\x67\x2f\x32\x30\x30\
\x30\x2f\x73\x76\x67\x22\x20\x77\x69\x64\x74\x68\x3d\x22\x32\x34\
\x22\x20\x68\x65\x69\x67\x68\x74\x3d\x22\x32\x34\x22\x20\x76\x69\
\x65\x77\x42\x6f\x78\x3d\x22\x30\x20\x30\x20\x32\x34\x20\x32\x34\
\x22\x20\x66\x69\x6c\x6c\x3d\x22\x6e\x6f\x6e\x65\x22\x20\x73\x74\
\x72\x6f\x6b\x65\x3d\x22\x23\x39\x41\x37\x36\x34\x30\x22\x20\x73\
\x74\x72\x6f\x6b\x65\x2d\x77\x69\x64\x74\x68\x3d\x22\x31\x2e\x38\
\x22\x20\x73\x74\x72\x6f\x6b\x65\x2d\x6c\x69\x6e\x65\x63\x61\x70\
\x3d\x22\x72\x6f\x75\x6e\x64\x22\x20\x73\x74\x72\x6f\x6b\x65\x2d\
\x6c\x69\x6e\x65\x6a\x6f\x69\x6e\x3d\x22\x72\x6f\x75\x6e\x64\x22\
\x3e\x0a\x20\x20\x3c\x72\x65\x63\x74\x20\x78\x3d\x22\x34\x22\x20\
\x79\x3d\x22\x35\x22\x20\x77\x69\x64\x74\x68\x3d\x22\x31\x33\x22\
\x20\x68\x65\x69\x67\x68\x74\x3d\x22\x31\x33\x22\x20\x72\x78\x3d\
\x22\x32\x22\x20\x66\x69\x6c\x6c\x3d\x22\x23\x46\x30\x45\x36\x44\
\x34\x22\x2f\x3e\x0a\x20\x20\x3c\x70\x61\x74\x68\x20\x64\x3d\x22\
\x6d\x36\x2e\x35\x20\x31\x35\x20\x33\x2d\x33\x20\x32\x2e\x32\x20\
\x32\x2e\x31\x20\x31\x2e\x38\x2d\x31\x2e\x37\x20\x31\x2e\x35\x20\
\x31\x2e\x34\x22\x20\x73\x74\x72\x6f\x6b\x65\x3d\x22\x23\x34\x35\
\x35\x34\x36\x38\x22\x2f\x3e\x0a\x20\x20\x3c\x63\x69\x72\x63\x6c\
\x65\x20\x63\x78\x3d\x22\x31\x36\x2e\x35\x22\x20\x63\x79\x3d\x22\
\x31\x36\x2e\x35\x22\x20\x72\x3d\x22\x33\x2e\x35\x22\x20\x66\x69\
\x6c\x6c\x3d\x22\x23\x46\x30\x45\x36\x44\x34\x22\x2f\x3e\x0a\x20\
\x20\x3c\x70\x61\x74\x68\x20\x64\x3d\x22\x6d\x31\x39\x20\x31\x39\
\x20\x32\x20\x32\x22\x2f\x3e\x0a\x3c\x2f\x73\x76\x67\x3e\x0a\
\x00\x00\x01\x85\
\x3c\
\x73\x76\x67\x20\x78\x6d\x6c\x6e\x73\x3d\x22\x68\x74\x74\x70\x3a\
\x2f\x2f\x77\x77\x77\x2e\x77\x33\x2e\x6f\x72\x67\x2f\x32\x30\x30\
\x30\x2f\x73\x76\x67\x22\x20\x77\x69\x64\x74\x68\x3d\x22\x32\x34\
\x22\x20\x68\x65\x69\x67\x68\x74\x3d\x22\x32\x34\x22\x20\x76\x69\
\x65\x77\x42\x6f\x78\x3d\x22\x30\x20\x30\x20\x32\x34\x20\x32\x34\
\x22\x20\x66\x69\x6c\x6c\x3d\x22\x6e\x6f\x6e\x65\x22\x20\x73\x74\
\x72\x6f\x6b\x65\x3d\x22\x23\x37\x42\x36\x46\x39\x34\x22\x20\x73\
\x74\x72\x6f\x6b\x65\x2d\x77\x69\x64\x74\x68\x3d\x22\x31\x2e\x38\
\x22\x20\x73\x74\x72\x6f\x6b\x65\x2d\x6c\x69\x6e\x65\x63\x61\x70\
\x3d\x22\x72\x6f\x75\x6e\x64\x22\x20\x73\x74\x72\x6f\x6b\x65\x2d\
\x6c\x69\x6e\x65\x6a\x6f\x69\x6e\x3d\x22\x72\x6f\x75\x6e\x64\x22\
\x3e\x0a\x20\x20\x3c\x70\x61\x74\x68\x20\x64\x3d\x22\x4d\x35\x2e\
\x35\x20\x37\x41\x32\x2e\x35\x20\x32\x2e\x35\x20\x30\x20\x30\x20\
\x31\x20\x38\x20\x34\x2e\x35\x68\x38\x41\x32\x2e\x35\x20\x32\x2e\
\x35\x20\x30\x20\x30\x20\x31\x20\x31\x38\x2e\x35\x20\x37\x76\x38\
\x41\x32\x2e\x35\x20\x32\x2e\x35\x20\x30\x20\x30\x20\x31\x20\x31\
\x36\x20\x31\x37\x2e\x35\x68\x2d\x35\x6c\x2d\x33\x2e\x35\x20\x32\
\x2e\x37\x76\x2d\x32\x2e\x38\x61\x32\x2e\x35\x20\x32\x2e\x35\x20\
\x30\x20\x30\x20\x31\x2d\x32\x2d\x32\x2e\x34\x5a\x22\x20\x66\x69\
\x6c\x6c\x3d\x22\x23\x45\x38\x45\x32\x45\x45\x22\x2f\x3e\x3c\x70\
\x61\x74\x68\x20\x64\x3d\x22\x6d\x39\x2e\x35\x20\x31\x36\x20\x32\
\x2e\x35\x2d\x37\x20\x32\x2e\x35\x20\x37\x4d\x31\x30\x2e\x34\x20\
\x31\x33\x2e\x35\x68\x33\x2e\x32\x22\x20\x73\x74\x72\x6f\x6b\x65\
\x3d\x22\x23\x34\x35\x35\x34\x36\x38\x22\x2f\x3e\x0a\x3c\x2f\x73\
\x76\x67\x3e\x0a\
\x00\x00\x01\x53\
\x3c\
\x73\x76\x67\x20\x78\x6d\x6c\x6e\x73\x3d\x22\x68\x74\x74\x70\x3a\
\x2f\x2f\x77\x77\x77\x2e\x77\x33\x2e\x6f\x72\x67\x2f\x32\x30\x30\
\x30\x2f\x73\x76\x67\x22\x20\x77\x69\x64\x74\x68\x3d\x22\x32\x34\
\x22\x20\x68\x65\x69\x67\x68\x74\x3d\x22\x32\x34\x22\x20\x76\x69\
\x65\x77\x42\x6f\x78\x3d\x22\x30\x20\x30\x20\x32\x34\x20\x32\x34\
\x22\x20\x66\x69\x6c\x6c\x3d\x22\x6e\x6f\x6e\x65\x22\x20\x73\x74\
\x72\x6f\x6b\x65\x3d\x22\x23\x35\x36\x37\x37\x41\x36\x22\x20\x73\
\x74\x72\x6f\x6b\x65\x2d\x77\x69\x64\x74\x68\x3d\x22\x31\x2e\x38\
\x22\x20\x73\x74\x72\x6f\x6b\x65\x2d\x6c\x69\x6e\x65\x63\x61\x70\
\x3d\x22\x72\x6f\x75\x6e\x64\x22\x20\x73\x74\x72\x6f\x6b\x65\x2d\
\x6c\x69\x6e\x65\x6a\x6f\x69\x6e\x3d\x22\x72\x6f\x75\x6e\x64\x22\
\x3e\x0a\x20\x20\x3c\x70\x61\x74\x68\x20\x64\x3d\x22\x4d\x35\x20\
\x34\x68\x31\x30\x6c\x33\x20\x33\x76\x31\x32\x48\x35\x5a\x22\x20\
\x66\x69\x6c\x6c\x3d\x22\x23\x44\x43\x45\x36\x46\x32\x22\x2f\x3e\
\x3c\x70\x61\x74\x68\x20\x64\x3d\x22\x4d\x38\x20\x34\x76\x35\x68\
\x37\x56\x34\x22\x20\x73\x74\x72\x6f\x6b\x65\x3d\x22\x23\x34\x35\
\x35\x34\x36\x38\x22\x2f\x3e\x3c\x70\x61\x74\x68\x20\x64\x3d\x22\
\x6d\x31\x32\x2e\x35\x20\x31\x39\x20\x2e\x37\x2d\x32\x2e\x37\x20\
\x34\x2e\x38\x2d\x34\x2e\x38\x20\x32\x2e\x32\x20\x32\x2e\x32\x2d\
\x34\x2e\x38\x20\x34\x2e\x38\x5a\x22\x20\x66\x69\x6c\x6c\x3d\x22\
\x23\x44\x43\x45\x36\x46\x32\x22\x2f\x3e\x0a\x3c\x2f\x73\x76\x67\
\x3e\x0a\
\x00\x00\x01\x5c\
\x3c\
\x73\x76\x67\x20\x78\x6d\x6c\x6e\x73\x3d\x22\x68\x74\x74\x70\x3a\
\x2f\x2f\x77\x77\x77\x2e\x77\x33\x2e\x6f\x72\x67\x2f\x32\x30\x30\
\x30\x2f\x73\x76\x67\x22\x20\x77\x69\x64\x74\x68\x3d\x22\x32\x34\
\x22\x20\x68\x65\x69\x67\x68\x74\x3d\x22\x32\x34\x22\x20\x76\x69\
\x65\x77\x42\x6f\x78\x3d\x22\x30\x20\x30\x20\x32\x34\x20\x32\x34\
\x22\x20\x66\x69\x6c\x6c\x3d\x22\x6e\x6f\x6e\x65\x22\x20\x73\x74\
\x72\x6f\x6b\x65\x3d\x22\x23\x37\x35\x36\x42\x39\x45\x22\x20\x73\
\x74\x72\x6f\x6b\x65\x2d\x77\x69\x64\x74\x68\x3d\x22\x31\x2e\x38\
\x22\x20\x73\x74\x72\x6f\x6b\x65\x2d\x6c\x69\x6e\x65\x63\x61\x70\
\x3d\x22\x72\x6f\x75\x6e\x64\x22\x20\x73\x74\x72\x6f\x6b\x65\x2d\
\x6c\x69\x6e\x65\x6a\x6f\x69\x6e\x3d\x22\x72\x6f\x75\x6e\x64\x22\
\x3e\x0a\x20\x20\x3c\x72\x65\x63\x74\x20\x78\x3d\x22\x34\x22\x20\
\x79\x3d\x22\x35\x22\x20\x77\x69\x64\x74\x68\x3d\x22\x31\x30\x22\
\x20\x68\x65\x69\x67\x68\x74\x3d\x22\x31\x30\x22\x20\x72\x78\x3d\
\x22\x32\x22\x20\x66\x69\x6c\x6c\x3d\x22\x23\x45\x36\x45\x32\x46\
\x30\x22\x2f\x3e\x3c\x72\x65\x63\x74\x20\x78\x3d\x22\x39\x22\x20\
\x79\x3d\x22\x31\x30\x22\x20\x77\x69\x64\x74\x68\x3d\x22\x31\x30\
\x22\x20\x68\x65\x69\x67\x68\x74\x3d\x22\x31\x30\x22\x20\x72\x78\
\x3d\x22\x32\x22\x20\x66\x69\x6c\x6c\x3d\x22\x23\x45\x36\x45\x32\
\x46\x30\x22\x2f\x3e\x3c\x70\x61\x74\x68\x20\x64\x3d\x22\x4d\x31\
\x38\x2e\x35\x20\x34\x76\x35\x4d\x31\x36\x20\x36\x2e\x35\x68\x35\
\x22\x2f\x3e\x0a\x3c\x2f\x73\x76\x67\x3e\x0a\
\x00\x00\x02\x15\
\x3c\
\x73\x76\x67\x20\x78\x6d\x6c\x6e\x73\x3d\x22\x68\x74\x74\x70\x3a\
\x2f\x2f\x77\x77\x77\x2e\x77\x33\x2e\x6f\x72\x67\x2f\x32\x30\x30\
\x30\x2f\x73\x76\x67\x22\x20\x77\x69\x64\x74\x68\x3d\x22\x32\x34\
\x22\x20\x68\x65\x69\x67\x68\x74\x3d\x22\x32\x34\x22\x20\x76\x69\
\x65\x77\x42\x6f\x78\x3d\x22\x30\x20\x30\x20\x32\x34\x20\x32\x34\
\x22\x20\x66\x69\x6c\x6c\x3d\x22\x6e\x6f\x6e\x65\x22\x20\x73\x74\
\x72\x6f\x6b\x65\x3d\x22\x23\x37\x35\x36\x42\x39\x45\x22\x20\x73\
\x74\x72\x6f\x6b\x65\x2d\x77\x69\x64\x74\x68\x3d\x22\x31\x2e\x38\
\x22\x20\x73\x74\x72\x6f\x6b\x65\x2d\x6c\x69\x6e\x65\x63\x61\x70\
\x3d\x22\x72\x6f\x75\x6e\x64\x22\x20\x73\x74\x72\x6f\x6b\x65\x2d\
\x6c\x69\x6e\x65\x6a\x6f\x69\x6e\x3d\x22\x72\x6f\x75\x6e\x64\x22\
\x3e\x0a\x20\x20\x3c\x72\x65\x63\x74\x20\x78\x3d\x22\x34\x2e\x35\
\x22\x20\x79\x3d\x22\x35\x22\x20\x77\x69\x64\x74\x68\x3d\x22\x31\
\x32\x22\x20\x68\x65\x69\x67\x68\x74\x3d\x22\x31\x32\x22\x20\x72\
\x78\x3d\x22\x32\x22\x20\x66\x69\x6c\x6c\x3d\x22\x23\x45\x36\x45\
\x32\x46\x30\x22\x2f\x3e\x0a\x20\x20\x3c\x72\x65\x63\x74\x20\x78\
\x3d\x22\x33\x2e\x36\x22\x20\x79\x3d\x22\x34\x2e\x31\x22\x20\x77\
\x69\x64\x74\x68\x3d\x22\x31\x2e\x38\x22\x20\x68\x65\x69\x67\x68\
\x74\x3d\x22\x31\x2e\x38\x22\x20\x72\x78\x3d\x22\x2e\x35\x22\x20\
\x66\x69\x6c\x6c\x3d\x22\x23\x37\x35\x36\x42\x39\x45\x22\x20\x73\
\x74\x72\x6f\x6b\x65\x3d\x22\x6e\x6f\x6e\x65\x22\x2f\x3e\x0a\x20\
\x20\x3c\x72\x65\x63\x74\x20\x78\x3d\x22\x31\x35\x2e\x36\x22\x20\
\x79\x3d\x22\x31\x36\x2e\x31\x22\x20\x77\x69\x64\x74\x68\x3d\x22\
\x31\x2e\x38\x22\x20\x68\x65\x69\x67\x68\x74\x3d\x22\x31\x2e\x38\
\x22\x20\x72\x78\x3d\x22\x2e\x35\x22\x20\x66\x69\x6c\x6c\x3d\x22\
\x23\x37\x35\x36\x42\x39\x45\x22\x20\x73\x74\x72\x6f\x6b\x65\x3d\
\x22\x6e\x6f\x6e\x65\x22\x2f\x3e\x0a\x20\x20\x3c\x70\x61\x74\x68\
\x20\x64\x3d\x22\x6d\x31\x33\x2e\x32\x20\x31\x39\x2e\x38\x2e\x38\
\x2d\x33\x20\x35\x2e\x33\x2d\x35\x2e\x33\x20\x32\x2e\x32\x20\x32\
\x2e\x32\x2d\x35\x2e\x33\x20\x35\x2e\x33\x5a\x22\x20\x66\x69\x6c\
\x6c\x3d\x22\x23\x45\x36\x45\x32\x46\x30\x22\x2f\x3e\x0a\x20\x20\
\x3c\x70\x61\x74\x68\x20\x64\x3d\x22\x6d\x31\x38\x20\x31\x32\x2e\
\x38\x20\x32\x2e\x32\x20\x32\x2e\x32\x22\x2f\x3e\x0a\x3c\x2f\x73\
\x76\x67\x3e\x0a\
\x00\x00\x01\x87\
\x3c\
\x73\x76\x67\x20\x78\x6d\x6c\x6e\x73\x3d\x22\x68\x74\x74\x70\x3a\
\x2f\x2f\x77\x77\x77\x2e\x77\x33\x2e\x6f\x72\x67\x2f\x32\x30\x30\
\x30\x2f\x73\x76\x67\x22\x20\x77\x69\x64\x74\x68\x3d\x22\x32\x34\
\x22\x20\x68\x65\x69\x67\x68\x74\x3d\x22\x32\x34\x22\x20\x76\x69\
\x65\x77\x42\x6f\x78\x3d\x22\x30\x20\x30\x20\x32\x34\x20\x32\x34\
\x22\x20\x66\x69\x6c\x6c\x3d\x22\x6e\x6f\x6e\x65\x22\x20\x73\x74\
\x72\x6f\x6b\x65\x3d\x22\x23\x34\x46\x38\x35\x38\x32\x22\x20\x73\
\x74\x72\x6f\x6b\x65\x2d\x77\x69\x64\x74\x68\x3d\x22\x31\x2e\x38\
\x22\x20\x73\x74\x72\x6f\x6b\x65\x2d\x6c\x69\x6e\x65\x63\x61\x70\
\x3d\x22\x72\x6f\x75\x6e\x64\x22\x20\x73\x74\x72\x6f\x6b\x65\x2d\
\x6c\x69\x6e\x65\x6a\x6f\x69\x6e\x3d\x22\x72\x6f\x75\x6e\x64\x22\
\x3e\x0a\x20\x20\x3c\x72\x65\x63\x74\x20\x78\x3d\x22\x37\x22\x20\
\x79\x3d\x22\x37\x22\x20\x77\x69\x64\x74\x68\x3d\x22\x31\x30\x22\
\x20\x68\x65\x69\x67\x68\x74\x3d\x22\x31\x30\x22\x20\x72\x78\x3d\
\x22\x32\x22\x20\x66\x69\x6c\x6c\x3d\x22\x23\x44\x43\x45\x42\x45\
\x38\x22\x2f\x3e\x3c\x70\x61\x74\x68\x20\x64\x3d\x22\x4d\x36\x20\
\x34\x2e\x35\x41\x39\x20\x39\x20\x30\x20\x30\x20\x31\x20\x31\x39\
\x2e\x35\x20\x38\x4d\x31\x39\x2e\x35\x20\x38\x56\x34\x2e\x35\x4d\
\x31\x39\x2e\x35\x20\x38\x48\x31\x36\x4d\x31\x38\x20\x31\x39\x2e\
\x35\x41\x39\x20\x39\x20\x30\x20\x30\x20\x31\x20\x34\x2e\x35\x20\
\x31\x36\x4d\x34\x2e\x35\x20\x31\x36\x76\x33\x2e\x35\x4d\x34\x2e\
\x35\x20\x31\x36\x48\x38\x22\x2f\x3e\x3c\x70\x61\x74\x68\x20\x64\
\x3d\x22\x4d\x31\x32\x20\x37\x76\x31\x30\x22\x20\x73\x74\x72\x6f\
\x6b\x65\x3d\x22\x23\x34\x35\x35\x34\x36\x38\x22\x2f\x3e\x0a\x3c\
\x2f\x73\x76\x67\x3e\x0a\
\x00\x00\x01\xf8\
\x3c\
\x73\x76\x67\x20\x78\x6d\x6c\x6e\x73\x3d\x22\x68\x74\x74\x70\x3a\
\x2f\x2f\x77\x77\x77\x2e\x77\x33\x2e\x6f\x72\x67\x2f\x32\x30\x30\
\x30\x2f\x73\x76\x67\x22\x20\x77\x69\x64\x74\x68\x3d\x22\x32\x34\
\x22\x20\x68\x65\x69\x67\x68\x74\x3d\x22\x32\x34\x22\x20\x76\x69\
\x65\x77\x42\x6f\x78\x3d\x22\x30\x20\x30\x20\x32\x34\x20\x32\x34\
\x22\x20\x66\x69\x6c\x6c\x3d\x22\x6e\x6f\x6e\x65\x22\x20\x73\x74\
\x72\x6f\x6b\x65\x3d\x22\x23\x35\x36\x37\x37\x41\x36\x22\x20\x73\
\x74\x72\x6f\x6b\x65\x2d\x77\x69\x64\x74\x68\x3d\x22\x31\x2e\x38\
\x22\x20\x73\x74\x72\x6f\x6b\x65\x2d\x6c\x69\x6e\x65\x63\x61\x70\
\x3d\x22\x72\x6f\x75\x6e\x64\x22\x20\x73\x74\x72\x6f\x6b\x65\x2d\
\x6c\x69\x6e\x65\x6a\x6f\x69\x6e\x3d\x22\x72\x6f\x75\x6e\x64\x22\
\x3e\x0a\x20\x20\x3c\x70\x61\x74\x68\x20\x64\x3d\x22\x4d\x36\x20\
\x33\x2e\x35\x68\x38\x6c\x34\x20\x34\x76\x31\x33\x48\x36\x5a\x22\
\x20\x66\x69\x6c\x6c\x3d\x22\x23\x44\x43\x45\x36\x46\x32\x22\x2f\
\x3e\x3c\x70\x61\x74\x68\x20\x64\x3d\x22\x4d\x31\x34\x20\x33\x2e\
\x35\x76\x34\x68\x34\x22\x2f\x3e\x3c\x63\x69\x72\x63\x6c\x65\x20\
\x63\x78\x3d\x22\x31\x30\x22\x20\x63\x79\x3d\x22\x31\x32\x22\x20\
\x72\x3d\x22\x31\x22\x20\x66\x69\x6c\x6c\x3d\x22\x23\x34\x35\x35\
\x34\x36\x38\x22\x20\x73\x74\x72\x6f\x6b\x65\x3d\x22\x6e\x6f\x6e\
\x65\x22\x2f\x3e\x3c\x63\x69\x72\x63\x6c\x65\x20\x63\x78\x3d\x22\
\x31\x34\x22\x20\x63\x79\x3d\x22\x31\x30\x22\x20\x72\x3d\x22\x31\
\x22\x20\x66\x69\x6c\x6c\x3d\x22\x23\x34\x35\x35\x34\x36\x38\x22\
\x20\x73\x74\x72\x6f\x6b\x65\x3d\x22\x6e\x6f\x6e\x65\x22\x2f\x3e\
\x3c\x63\x69\x72\x63\x6c\x65\x20\x63\x78\x3d\x22\x31\x34\x22\x20\
\x63\x79\x3d\x22\x31\x35\x2e\x35\x22\x20\x72\x3d\x22\x31\x22\x20\
\x66\x69\x6c\x6c\x3d\x22\x23\x34\x35\x35\x34\x36\x38\x22\x20\x73\
\x74\x72\x6f\x6b\x65\x3d\x22\x6e\x6f\x6e\x65\x22\x2f\x3e\x3c\x70\
\x61\x74\x68\x20\x64\x3d\x22\x6d\x31\x30\x2e\x38\x20\x31\x31\x2e\
\x36\x20\x32\x2e\x34\x2d\x31\x2e\x32\x4d\x31\x30\x2e\x38\x20\x31\
\x32\x2e\x35\x6c\x32\x2e\x34\x20\x32\x2e\x34\x22\x20\x73\x74\x72\
\x6f\x6b\x65\x3d\x22\x23\x34\x35\x35\x34\x36\x38\x22\x2f\x3e\x0a\
\x3c\x2f\x73\x76\x67\x3e\x0a\
\x00\x00\x01\xf8\
\x3c\
\x73\x76\x67\x20\x78\x6d\x6c\x6e\x73\x3d\x22\x68\x74\x74\x70\x3a\
\x2f\x2f\x77\x77\x77\x2e\x77\x33\x2e\x6f\x72\x67\x2f\x32\x30\x30\
\x30\x2f\x73\x76\x67\x22\x20\x77\x69\x64\x74\x68\x3d\x22\x32\x34\
\x22\x20\x68\x65\x69\x67\x68\x74\x3d\x22\x32\x34\x22\x20\x76\x69\
\x65\x77\x42\x6f\x78\x3d\x22\x30\x20\x30\x20\x32\x34\x20\x32\x34\
\x22\x20\x66\x69\x6c\x6c\x3d\x22\x6e\x6f\x6e\x65\x22\x20\x73\x74\
\x72\x6f\x6b\x65\x3d\x22\x23\x35\x36\x37\x37\x41\x36\x22\x20\x73\
\x74\x72\x6f\x6b\x65\x2d\x77\x69\x64\x74\x68\x3d\x22\x31\x2e\x38\
\x22\x20\x73\x74\x72\x6f\x6b\x65\x2d\x6c\x69\x6e\x65\x63\x61\x70\
\x3d\x22\x72\x6f\x75\x6e\x64\x22\x20\x73\x74\x72\x6f\x6b\x65\x2d\
\x6c\x69\x6e\x65\x6a\x6f\x69\x6e\x3d\x22\x72\x6f\x75\x6e\x64\x22\
\x3e\x0a\x20\x20\x3c\x70\x61\x74\x68\x20\x64\x3d\x22\x4d\x36\x20\
\x33\x2e\x35\x68\x38\x6c\x34\x20\x34\x76\x31\x33\x48\x36\x5a\x22\
\x20\x66\x69\x6c\x6c\x3d\x22\x23\x44\x43\x45\x36\x46\x32\x22\x2f\
\x3e\x3c\x70\x61\x74\x68\x20\x64\x3d\x22\x4d\x31\x34\x20\x33\x2e\
\x35\x76\x34\x68\x34\x22\x2f\x3e\x3c\x63\x69\x72\x63\x6c\x65\x20\
\x63\x78\x3d\x22\x31\x30\x22\x20\x63\x79\x3d\x22\x31\x32\x22\x20\
\x72\x3d\x22\x31\x22\x20\x66\x69\x6c\x6c\x3d\x22\x23\x34\x35\x35\
\x34\x36\x38\x22\x20\x73\x74\x72\x6f\x6b\x65\x3d\x22\x6e\x6f\x6e\
\x65\x22\x2f\x3e\x3c\x63\x69\x72\x63\x6c\x65\x20\x63\x78\x3d\x22\
\x31\x34\x22\x20\x63\x79\x3d\x22\x31\x30\x22\x20\x72\x3d\x22\x31\
\x22\x20\x66\x69\x6c\x6c\x3d\x22\x23\x34\x35\x35\x34\x36\x38\x22\
\x20\x73\x74\x72\x6f\x6b\x65\x3d\x22\x6e\x6f\x6e\x65\x22\x2f\x3e\
\x3c\x63\x69\x72\x63\x6c\x65\x20\x63\x78\x3d\x22\x31\x34\x22\x20\
\x63\x79\x3d\x22\x31\x35\x2e\x35\x22\x20\x72\x3d\x22\x31\x22\x20\
\x66\x69\x6c\x6c\x3d\x22\x23\x34\x35\x35\x34\x36\x38\x22\x20\x73\
\x74\x72\x6f\x6b\x65\x3d\x22\x6e\x6f\x6e\x65\x22\x2f\x3e\x3c\x70\
\x61\x74\x68\x20\x64\x3d\x22\x6d\x31\x30\x2e\x38\x20\x31\x31\x2e\
\x36\x20\x32\x2e\x34\x2d\x31\x2e\x32\x4d\x31\x30\x2e\x38\x20\x31\
\x32\x2e\x35\x6c\x32\x2e\x34\x20\x32\x2e\x34\x22\x20\x73\x74\x72\
\x6f\x6b\x65\x3d\x22\x23\x34\x35\x35\x34\x36\x38\x22\x2f\x3e\x0a\
\x3c\x2f\x73\x76\x67\x3e\x0a\
\x00\x00\x01\x3e\
\x3c\
\x73\x76\x67\x20\x78\x6d\x6c\x6e\x73\x3d\x22\x68\x74\x74\x70\x3a\
\x2f\x2f\x77\x77\x77\x2e\x77\x33\x2e\x6f\x72\x67\x2f\x32\x30\x30\
\x30\x2f\x73\x76\x67\x22\x20\x77\x69\x64\x74\x68\x3d\x22\x32\x34\
\x22\x20\x68\x65\x69\x67\x68\x74\x3d\x22\x32\x34\x22\x20\x76\x69\
\x65\x77\x42\x6f\x78\x3d\x22\x30\x20\x30\x20\x32\x34\x20\x32\x34\
\x22\x20\x66\x69\x6c\x6c\x3d\x22\x6e\x6f\x6e\x65\x22\x20\x73\x74\
\x72\x6f\x6b\x65\x3d\x22\x23\x35\x36\x37\x37\x41\x36\x22\x20\x73\
\x74\x72\x6f\x6b\x65\x2d\x77\x69\x64\x74\x68\x3d\x22\x31\x2e\x38\
\x22\x20\x73\x74\x72\x6f\x6b\x65\x2d\x6c\x69\x6e\x65\x63\x61\x70\
\x3d\x22\x72\x6f\x75\x6e\x64\x22\x20\x73\x74\x72\x6f\x6b\x65\x2d\
\x6c\x69\x6e\x65\x6a\x6f\x69\x6e\x3d\x22\x72\x6f\x75\x6e\x64\x22\
\x3e\x0a\x20\x20\x3c\x70\x61\x74\x68\x20\x64\x3d\x22\x4d\x35\x20\
\x34\x68\x31\x30\x6c\x33\x20\x33\x76\x31\x33\x48\x35\x5a\x22\x20\
\x66\x69\x6c\x6c\x3d\x22\x23\x44\x43\x45\x36\x46\x32\x22\x2f\x3e\
\x3c\x70\x61\x74\x68\x20\x64\x3d\x22\x4d\x38\x20\x34\x76\x35\x68\
\x37\x56\x34\x22\x20\x73\x74\x72\x6f\x6b\x65\x3d\x22\x23\x34\x35\
\x35\x34\x36\x38\x22\x2f\x3e\x3c\x70\x61\x74\x68\x20\x64\x3d\x22\
\x4d\x39\x20\x31\x36\x61\x33\x2e\x35\x20\x33\x2e\x35\x20\x30\x20\
\x31\x20\x30\x20\x31\x2d\x32\x2e\x35\x4d\x39\x20\x31\x33\x76\x33\
\x68\x33\x22\x2f\x3e\x0a\x3c\x2f\x73\x76\x67\x3e\x0a\
\x00\x00\x01\x5a\
\x3c\
\x73\x76\x67\x20\x78\x6d\x6c\x6e\x73\x3d\x22\x68\x74\x74\x70\x3a\
\x2f\x2f\x77\x77\x77\x2e\x77\x33\x2e\x6f\x72\x67\x2f\x32\x30\x30\
\x30\x2f\x73\x76\x67\x22\x20\x77\x69\x64\x74\x68\x3d\x22\x32\x34\
\x22\x20\x68\x65\x69\x67\x68\x74\x3d\x22\x32\x34\x22\x20\x76\x69\
\x65\x77\x42\x6f\x78\x3d\x22\x30\x20\x30\x20\x32\x34\x20\x32\x34\
\x22\x20\x66\x69\x6c\x6c\x3d\x22\x6e\x6f\x6e\x65\x22\x20\x73\x74\
\x72\x6f\x6b\x65\x3d\x22\x23\x37\x35\x36\x42\x39\x45\x22\x20\x73\
\x74\x72\x6f\x6b\x65\x2d\x77\x69\x64\x74\x68\x3d\x22\x31\x2e\x38\
\x22\x20\x73\x74\x72\x6f\x6b\x65\x2d\x6c\x69\x6e\x65\x63\x61\x70\
\x3d\x22\x72\x6f\x75\x6e\x64\x22\x20\x73\x74\x72\x6f\x6b\x65\x2d\
\x6c\x69\x6e\x65\x6a\x6f\x69\x6e\x3d\x22\x72\x6f\x75\x6e\x64\x22\
\x3e\x0a\x20\x20\x3c\x70\x61\x74\x68\x20\x64\x3d\x22\x4d\x35\x20\
\x36\x76\x36\x6c\x37\x20\x37\x20\x37\x2d\x37\x2d\x37\x2d\x37\x48\
\x36\x61\x31\x20\x31\x20\x30\x20\x30\x20\x30\x2d\x31\x20\x31\x5a\
\x22\x20\x66\x69\x6c\x6c\x3d\x22\x23\x45\x36\x45\x32\x46\x30\x22\
\x2f\x3e\x3c\x63\x69\x72\x63\x6c\x65\x20\x63\x78\x3d\x22\x39\x22\
\x20\x63\x79\x3d\x22\x39\x22\x20\x72\x3d\x22\x31\x22\x20\x66\x69\
\x6c\x6c\x3d\x22\x23\x34\x35\x35\x34\x36\x38\x22\x20\x73\x74\x72\
\x6f\x6b\x65\x3d\x22\x6e\x6f\x6e\x65\x22\x2f\x3e\x3c\x70\x61\x74\
\x68\x20\x64\x3d\x22\x4d\x31\x32\x20\x31\x30\x76\x35\x22\x20\x73\
\x74\x72\x6f\x6b\x65\x3d\x22\x23\x34\x35\x35\x34\x36\x38\x22\x2f\
\x3e\x0a\x3c\x2f\x73\x76\x67\x3e\x0a\
\x00\x00\x01\x6c\
\x3c\
\x73\x76\x67\x20\x78\x6d\x6c\x6e\x73\x3d\x22\x68\x74\x74\x70\x3a\
\x2f\x2f\x77\x77\x77\x2e\x77\x33\x2e\x6f\x72\x67\x2f\x32\x30\x30\
\x30\x2f\x73\x76\x67\x22\x20\x77\x69\x64\x74\x68\x3d\x22\x32\x34\
\x22\x20\x68\x65\x69\x67\x68\x74\x3d\x22\x32\x34\x22\x20\x76\x69\
\x65\x77\x42\x6f\x78\x3d\x22\x30\x20\x30\x20\x32\x34\x20\x32\x34\
\x22\x20\x66\x69\x6c\x6c\x3d\x22\x6e\x6f\x6e\x65\x22\x20\x73\x74\
\x72\x6f\x6b\x65\x3d\x22\x23\x37\x35\x36\x42\x39\x45\x22\x20\x73\
\x74\x72\x6f\x6b\x65\x2d\x77\x69\x64\x74\x68\x3d\x22\x31\x2e\x38\
\x22\x20\x73\x74\x72\x6f\x6b\x65\x2d\x6c\x69\x6e\x65\x63\x61\x70\
\x3d\x22\x72\x6f\x75\x6e\x64\x22\x20\x73\x74\x72\x6f\x6b\x65\x2d\
\x6c\x69\x6e\x65\x6a\x6f\x69\x6e\x3d\x22\x72\x6f\x75\x6e\x64\x22\
\x3e\x0a\x20\x20\x3c\x70\x61\x74\x68\x20\x64\x3d\x22\x4d\x35\x20\
\x33\x2e\x35\x68\x38\x6c\x34\x20\x34\x76\x31\x33\x48\x35\x5a\x22\
\x20\x66\x69\x6c\x6c\x3d\x22\x23\x45\x36\x45\x32\x46\x30\x22\x2f\
\x3e\x3c\x70\x61\x74\x68\x20\x64\x3d\x22\x4d\x31\x33\x20\x33\x2e\
\x35\x76\x34\x68\x34\x22\x2f\x3e\x3c\x72\x65\x63\x74\x20\x78\x3d\
\x22\x38\x22\x20\x79\x3d\x22\x31\x31\x22\x20\x77\x69\x64\x74\x68\
\x3d\x22\x36\x22\x20\x68\x65\x69\x67\x68\x74\x3d\x22\x35\x22\x20\
\x72\x78\x3d\x22\x31\x22\x20\x73\x74\x72\x6f\x6b\x65\x3d\x22\x23\
\x34\x35\x35\x34\x36\x38\x22\x2f\x3e\x3c\x70\x61\x74\x68\x20\x64\
\x3d\x22\x4d\x31\x35\x2e\x35\x20\x31\x32\x2e\x35\x68\x35\x4d\x31\
\x38\x2e\x35\x20\x31\x30\x2e\x35\x6c\x32\x20\x32\x2d\x32\x20\x32\
\x22\x2f\x3e\x0a\x3c\x2f\x73\x76\x67\x3e\x0a\
\x00\x00\x01\xae\
\x3c\
\x73\x76\x67\x20\x78\x6d\x6c\x6e\x73\x3d\x22\x68\x74\x74\x70\x3a\
\x2f\x2f\x77\x77\x77\x2e\x77\x33\x2e\x6f\x72\x67\x2f\x32\x30\x30\
\x30\x2f\x73\x76\x67\x22\x20\x77\x69\x64\x74\x68\x3d\x22\x32\x34\
\x22\x20\x68\x65\x69\x67\x68\x74\x3d\x22\x32\x34\x22\x20\x76\x69\
\x65\x77\x42\x6f\x78\x3d\x22\x30\x20\x30\x20\x32\x34\x20\x32\x34\
\x22\x20\x66\x69\x6c\x6c\x3d\x22\x6e\x6f\x6e\x65\x22\x20\x73\x74\
\x72\x6f\x6b\x65\x3d\x22\x23\x34\x46\x38\x35\x38\x32\x22\x20\x73\
\x74\x72\x6f\x6b\x65\x2d\x77\x69\x64\x74\x68\x3d\x22\x31\x2e\x38\
\x22\x20\x73\x74\x72\x6f\x6b\x65\x2d\x6c\x69\x6e\x65\x63\x61\x70\
\x3d\x22\x72\x6f\x75\x6e\x64\x22\x20\x73\x74\x72\x6f\x6b\x65\x2d\
\x6c\x69\x6e\x65\x6a\x6f\x69\x6e\x3d\x22\x72\x6f\x75\x6e\x64\x22\
\x3e\x0a\x20\x20\x3c\x72\x65\x63\x74\x20\x78\x3d\x22\x34\x22\x20\
\x79\x3d\x22\x34\x2e\x35\x22\x20\x77\x69\x64\x74\x68\x3d\x22\x31\
\x36\x22\x20\x68\x65\x69\x67\x68\x74\x3d\x22\x31\x35\x22\x20\x72\
\x78\x3d\x22\x32\x22\x20\x66\x69\x6c\x6c\x3d\x22\x23\x44\x43\x45\
\x42\x45\x38\x22\x2f\x3e\x3c\x70\x61\x74\x68\x20\x64\x3d\x22\x4d\
\x38\x20\x38\x76\x38\x4d\x31\x32\x20\x38\x76\x38\x4d\x31\x36\x20\
\x38\x76\x38\x22\x2f\x3e\x3c\x63\x69\x72\x63\x6c\x65\x20\x63\x78\
\x3d\x22\x38\x22\x20\x63\x79\x3d\x22\x31\x31\x22\x20\x72\x3d\x22\
\x31\x2e\x33\x22\x20\x66\x69\x6c\x6c\x3d\x22\x23\x44\x43\x45\x42\
\x45\x38\x22\x2f\x3e\x3c\x63\x69\x72\x63\x6c\x65\x20\x63\x78\x3d\
\x22\x31\x32\x22\x20\x63\x79\x3d\x22\x31\x34\x22\x20\x72\x3d\x22\
\x31\x2e\x33\x22\x20\x66\x69\x6c\x6c\x3d\x22\x23\x44\x43\x45\x42\
\x45\x38\x22\x2f\x3e\x3c\x63\x69\x72\x63\x6c\x65\x20\x63\x78\x3d\
\x22\x31\x36\x22\x20\x63\x79\x3d\x22\x31\x30\x22\x20\x72\x3d\x22\
\x31\x2e\x33\x22\x20\x66\x69\x6c\x6c\x3d\x22\x23\x44\x43\x45\x42\
\x45\x38\x22\x2f\x3e\x0a\x3c\x2f\x73\x76\x67\x3e\x0a\
\x00\x00\x01\x65\
\x3c\
\x73\x76\x67\x20\x78\x6d\x6c\x6e\x73\x3d\x22\x68\x74\x74\x70\x3a\
\x2f\x2f\x77\x77\x77\x2e\x77\x33\x2e\x6f\x72\x67\x2f\x32\x30\x30\
\x30\x2f\x73\x76\x67\x22\x20\x77\x69\x64\x74\x68\x3d\x22\x32\x34\
\x22\x20\x68\x65\x69\x67\x68\x74\x3d\x22\x32\x34\x22\x20\x76\x69\
\x65\x77\x42\x6f\x78\x3d\x22\x30\x20\x30\x20\x32\x34\x20\x32\x34\
\x22\x20\x66\x69\x6c\x6c\x3d\x22\x6e\x6f\x6e\x65\x22\x20\x73\x74\
\x72\x6f\x6b\x65\x3d\x22\x23\x36\x34\x37\x38\x38\x46\x22\x20\x73\
\x74\x72\x6f\x6b\x65\x2d\x77\x69\x64\x74\x68\x3d\x22\x31\x2e\x38\
\x22\x20\x73\x74\x72\x6f\x6b\x65\x2d\x6c\x69\x6e\x65\x63\x61\x70\
\x3d\x22\x72\x6f\x75\x6e\x64\x22\x20\x73\x74\x72\x6f\x6b\x65\x2d\
\x6c\x69\x6e\x65\x6a\x6f\x69\x6e\x3d\x22\x72\x6f\x75\x6e\x64\x22\
\x3e\x0a\x20\x20\x3c\x72\x65\x63\x74\x20\x78\x3d\x22\x33\x2e\x35\
\x22\x20\x79\x3d\x22\x36\x22\x20\x77\x69\x64\x74\x68\x3d\x22\x31\
\x37\x22\x20\x68\x65\x69\x67\x68\x74\x3d\x22\x31\x32\x22\x20\x72\
\x78\x3d\x22\x32\x22\x20\x66\x69\x6c\x6c\x3d\x22\x23\x45\x32\x45\
\x38\x45\x45\x22\x2f\x3e\x3c\x70\x61\x74\x68\x20\x64\x3d\x22\x4d\
\x37\x20\x31\x30\x68\x2e\x30\x31\x4d\x31\x30\x20\x31\x30\x68\x2e\
\x30\x31\x4d\x31\x33\x20\x31\x30\x68\x2e\x30\x31\x4d\x31\x36\x20\
\x31\x30\x68\x2e\x30\x31\x4d\x37\x20\x31\x33\x68\x2e\x30\x31\x4d\
\x31\x30\x20\x31\x33\x68\x2e\x30\x31\x4d\x31\x33\x20\x31\x33\x68\
\x34\x4d\x38\x20\x31\x36\x68\x38\x22\x20\x73\x74\x72\x6f\x6b\x65\
\x3d\x22\x23\x34\x35\x35\x34\x36\x38\x22\x2f\x3e\x0a\x3c\x2f\x73\
\x76\x67\x3e\x0a\
\x00\x00\x01\xd7\
\x3c\
\x73\x76\x67\x20\x78\x6d\x6c\x6e\x73\x3d\x22\x68\x74\x74\x70\x3a\
\x2f\x2f\x77\x77\x77\x2e\x77\x33\x2e\x6f\x72\x67\x2f\x32\x30\x30\
\x30\x2f\x73\x76\x67\x22\x20\x77\x69\x64\x74\x68\x3d\x22\x32\x34\
\x22\x20\x68\x65\x69\x67\x68\x74\x3d\x22\x32\x34\x22\x20\x76\x69\
\x65\x77\x42\x6f\x78\x3d\x22\x30\x20\x30\x20\x32\x34\x20\x32\x34\
\x22\x20\x66\x69\x6c\x6c\x3d\x22\x6e\x6f\x6e\x65\x22\x20\x73\x74\
\x72\x6f\x6b\x65\x3d\x22\x23\x37\x35\x36\x42\x39\x45\x22\x20\x73\
\x74\x72\x6f\x6b\x65\x2d\x77\x69\x64\x74\x68\x3d\x22\x31\x2e\x38\
\x22\x20\x73\x74\x72\x6f\x6b\x65\x2d\x6c\x69\x6e\x65\x63\x61\x70\
\x3d\x22\x72\x6f\x75\x6e\x64\x22\x20\x73\x74\x72\x6f\x6b\x65\x2d\
\x6c\x69\x6e\x65\x6a\x6f\x69\x6e\x3d\x22\x72\x6f\x75\x6e\x64\x22\
\x3e\x0a\x20\x20\x3c\x72\x65\x63\x74\x20\x78\x3d\x22\x34\x22\x20\
\x79\x3d\x22\x35\x22\x20\x77\x69\x64\x74\x68\x3d\x22\x31\x36\x22\
\x20\x68\x65\x69\x67\x68\x74\x3d\x22\x31\x34\x22\x20\x72\x78\x3d\
\x22\x32\x22\x20\x66\x69\x6c\x6c\x3d\x22\x23\x45\x36\x45\x32\x46\
\x30\x22\x2f\x3e\x3c\x70\x61\x74\x68\x20\x64\x3d\x22\x4d\x31\x34\
\x2e\x35\x20\x35\x76\x31\x34\x22\x2f\x3e\x3c\x72\x65\x63\x74\x20\
\x78\x3d\x22\x36\x2e\x35\x22\x20\x79\x3d\x22\x38\x2e\x35\x22\x20\
\x77\x69\x64\x74\x68\x3d\x22\x35\x2e\x35\x22\x20\x68\x65\x69\x67\
\x68\x74\x3d\x22\x35\x22\x20\x72\x78\x3d\x22\x31\x22\x20\x73\x74\
\x72\x6f\x6b\x65\x3d\x22\x23\x34\x35\x35\x34\x36\x38\x22\x2f\x3e\
\x3c\x63\x69\x72\x63\x6c\x65\x20\x63\x78\x3d\x22\x31\x37\x2e\x32\
\x22\x20\x63\x79\x3d\x22\x31\x30\x22\x20\x72\x3d\x22\x2e\x38\x22\
\x20\x66\x69\x6c\x6c\x3d\x22\x23\x34\x35\x35\x34\x36\x38\x22\x20\
\x73\x74\x72\x6f\x6b\x65\x3d\x22\x6e\x6f\x6e\x65\x22\x2f\x3e\x3c\
\x63\x69\x72\x63\x6c\x65\x20\x63\x78\x3d\x22\x31\x37\x2e\x32\x22\
\x20\x63\x79\x3d\x22\x31\x34\x22\x20\x72\x3d\x22\x2e\x38\x22\x20\
\x66\x69\x6c\x6c\x3d\x22\x23\x34\x35\x35\x34\x36\x38\x22\x20\x73\
\x74\x72\x6f\x6b\x65\x3d\x22\x6e\x6f\x6e\x65\x22\x2f\x3e\x0a\x3c\
\x2f\x73\x76\x67\x3e\x0a\
\x00\x00\x01\x6a\
\x3c\
\x73\x76\x67\x20\x78\x6d\x6c\x6e\x73\x3d\x22\x68\x74\x74\x70\x3a\
\x2f\x2f\x77\x77\x77\x2e\x77\x33\x2e\x6f\x72\x67\x2f\x32\x30\x30\
\x30\x2f\x73\x76\x67\x22\x20\x77\x69\x64\x74\x68\x3d\x22\x32\x34\
\x22\x20\x68\x65\x69\x67\x68\x74\x3d\x22\x32\x34\x22\x20\x76\x69\
\x65\x77\x42\x6f\x78\x3d\x22\x30\x20\x30\x20\x32\x34\x20\x32\x34\
\x22\x20\x66\x69\x6c\x6c\x3d\x22\x6e\x6f\x6e\x65\x22\x20\x73\x74\
\x72\x6f\x6b\x65\x3d\x22\x23\x34\x46\x38\x35\x38\x32\x22\x20\x73\
\x74\x72\x6f\x6b\x65\x2d\x77\x69\x64\x74\x68\x3d\x22\x31\x2e\x38\
\x22\x20\x73\x74\x72\x6f\x6b\x65\x2d\x6c\x69\x6e\x65\x63\x61\x70\
\x3d\x22\x72\x6f\x75\x6e\x64\x22\x20\x73\x74\x72\x6f\x6b\x65\x2d\
\x6c\x69\x6e\x65\x6a\x6f\x69\x6e\x3d\x22\x72\x6f\x75\x6e\x64\x22\
\x3e\x0a\x20\x20\x3c\x72\x65\x63\x74\x20\x78\x3d\x22\x36\x22\x20\
\x79\x3d\x22\x36\x22\x20\x77\x69\x64\x74\x68\x3d\x22\x31\x32\x22\
\x20\x68\x65\x69\x67\x68\x74\x3d\x22\x31\x32\x22\x20\x72\x78\x3d\
\x22\x32\x22\x20\x66\x69\x6c\x6c\x3d\x22\x23\x44\x43\x45\x42\x45\
\x38\x22\x2f\x3e\x3c\x70\x61\x74\x68\x20\x64\x3d\x22\x4d\x39\x20\
\x39\x20\x35\x20\x35\x4d\x35\x20\x35\x68\x33\x4d\x35\x20\x35\x76\
\x33\x4d\x31\x35\x20\x39\x6c\x34\x2d\x34\x4d\x31\x39\x20\x35\x68\
\x2d\x33\x4d\x31\x39\x20\x35\x76\x33\x4d\x39\x20\x31\x35\x6c\x2d\
\x34\x20\x34\x4d\x35\x20\x31\x39\x68\x33\x4d\x35\x20\x31\x39\x76\
\x2d\x33\x4d\x31\x35\x20\x31\x35\x6c\x34\x20\x34\x4d\x31\x39\x20\
\x31\x39\x68\x2d\x33\x4d\x31\x39\x20\x31\x39\x76\x2d\x33\x22\x2f\
\x3e\x0a\x3c\x2f\x73\x76\x67\x3e\x0a\
\x00\x00\x01\x22\
\x3c\
\x73\x76\x67\x20\x78\x6d\x6c\x6e\x73\x3d\x22\x68\x74\x74\x70\x3a\
\x2f\x2f\x77\x77\x77\x2e\x77\x33\x2e\x6f\x72\x67\x2f\x32\x30\x30\
\x30\x2f\x73\x76\x67\x22\x20\x77\x69\x64\x74\x68\x3d\x22\x32\x34\
\x22\x20\x68\x65\x69\x67\x68\x74\x3d\x22\x32\x34\x22\x20\x76\x69\
\x65\x77\x42\x6f\x78\x3d\x22\x30\x20\x30\x20\x32\x34\x20\x32\x34\
\x22\x20\x66\x69\x6c\x6c\x3d\x22\x6e\x6f\x6e\x65\x22\x20\x73\x74\
\x72\x6f\x6b\x65\x3d\x22\x23\x35\x36\x37\x37\x41\x36\x22\x20\x73\
\x74\x72\x6f\x6b\x65\x2d\x77\x69\x64\x74\x68\x3d\x22\x31\x2e\x38\
\x22\x20\x73\x74\x72\x6f\x6b\x65\x2d\x6c\x69\x6e\x65\x63\x61\x70\
\x3d\x22\x72\x6f\x75\x6e\x64\x22\x20\x73\x74\x72\x6f\x6b\x65\x2d\
\x6c\x69\x6e\x65\x6a\x6f\x69\x6e\x3d\x22\x72\x6f\x75\x6e\x64\x22\
\x3e\x0a\x20\x20\x3c\x70\x61\x74\x68\x20\x64\x3d\x22\x4d\x35\x20\
\x33\x2e\x35\x68\x38\x6c\x34\x20\x34\x76\x31\x33\x48\x35\x5a\x22\
\x20\x66\x69\x6c\x6c\x3d\x22\x23\x44\x43\x45\x36\x46\x32\x22\x2f\
\x3e\x3c\x70\x61\x74\x68\x20\x64\x3d\x22\x4d\x31\x33\x20\x33\x2e\
\x35\x76\x34\x68\x34\x22\x2f\x3e\x3c\x70\x61\x74\x68\x20\x64\x3d\
\x22\x4d\x38\x20\x31\x33\x68\x38\x4d\x31\x33\x20\x31\x30\x6c\x33\
\x20\x33\x2d\x33\x20\x33\x22\x2f\x3e\x0a\x3c\x2f\x73\x76\x67\x3e\
\x0a\
\x00\x00\x01\x86\
\x3c\
\x73\x76\x67\x20\x78\x6d\x6c\x6e\x73\x3d\x22\x68\x74\x74\x70\x3a\
\x2f\x2f\x77\x77\x77\x2e\x77\x33\x2e\x6f\x72\x67\x2f\x32\x30\x30\
\x30\x2f\x73\x76\x67\x22\x20\x77\x69\x64\x74\x68\x3d\x22\x32\x34\
\x22\x20\x68\x65\x69\x67\x68\x74\x3d\x22\x32\x34\x22\x20\x76\x69\
\x65\x77\x42\x6f\x78\x3d\x22\x30\x20\x30\x20\x32\x34\x20\x32\x34\
\x22\x20\x66\x69\x6c\x6c\x3d\x22\x6e\x6f\x6e\x65\x22\x20\x73\x74\
\x72\x6f\x6b\x65\x3d\x22\x23\x35\x36\x37\x37\x41\x36\x22\x20\x73\
\x74\x72\x6f\x6b\x65\x2d\x77\x69\x64\x74\x68\x3d\x22\x31\x2e\x38\
\x22\x20\x73\x74\x72\x6f\x6b\x65\x2d\x6c\x69\x6e\x65\x63\x61\x70\
\x3d\x22\x72\x6f\x75\x6e\x64\x22\x20\x73\x74\x72\x6f\x6b\x65\x2d\
\x6c\x69\x6e\x65\x6a\x6f\x69\x6e\x3d\x22\x72\x6f\x75\x6e\x64\x22\
\x3e\x0a\x20\x20\x3c\x70\x61\x74\x68\x20\x64\x3d\x22\x4d\x34\x20\
\x38\x56\x36\x2e\x38\x41\x31\x2e\x38\x20\x31\x2e\x38\x20\x30\x20\
\x30\x20\x31\x20\x35\x2e\x38\x20\x35\x68\x33\x2e\x38\x6c\x32\x20\
\x32\x2e\x32\x68\x36\x2e\x36\x41\x31\x2e\x38\x20\x31\x2e\x38\x20\
\x30\x20\x30\x20\x31\x20\x32\x30\x20\x39\x76\x38\x2e\x32\x61\x31\
\x2e\x38\x20\x31\x2e\x38\x20\x30\x20\x30\x20\x31\x2d\x31\x2e\x38\
\x20\x31\x2e\x38\x48\x35\x2e\x38\x41\x31\x2e\x38\x20\x31\x2e\x38\
\x20\x30\x20\x30\x20\x31\x20\x34\x20\x31\x37\x2e\x32\x5a\x22\x20\
\x66\x69\x6c\x6c\x3d\x22\x23\x44\x43\x45\x36\x46\x32\x22\x2f\x3e\
\x0a\x20\x20\x3c\x70\x61\x74\x68\x20\x64\x3d\x22\x6d\x37\x20\x31\
\x36\x20\x33\x2d\x33\x20\x32\x2e\x32\x20\x32\x2e\x31\x20\x32\x2d\
\x31\x2e\x38\x4c\x31\x37\x20\x31\x36\x22\x20\x73\x74\x72\x6f\x6b\
\x65\x3d\x22\x23\x34\x35\x35\x34\x36\x38\x22\x2f\x3e\x0a\x3c\x2f\
\x73\x76\x67\x3e\x0a\
\x00\x00\x01\x38\
\x3c\
\x73\x76\x67\x20\x78\x6d\x6c\x6e\x73\x3d\x22\x68\x74\x74\x70\x3a\
\x2f\x2f\x77\x77\x77\x2e\x77\x33\x2e\x6f\x72\x67\x2f\x32\x30\x30\
\x30\x2f\x73\x76\x67\x22\x20\x77\x69\x64\x74\x68\x3d\x22\x32\x34\
\x22\x20\x68\x65\x69\x67\x68\x74\x3d\x22\x32\x34\x22\x20\x76\x69\
\x65\x77\x42\x6f\x78\x3d\x22\x30\x20\x30\x20\x32\x34\x20\x32\x34\
\x22\x20\x66\x69\x6c\x6c\x3d\x22\x6e\x6f\x6e\x65\x22\x20\x73\x74\
\x72\x6f\x6b\x65\x3d\x22\x23\x36\x34\x37\x38\x38\x46\x22\x20\x73\
\x74\x72\x6f\x6b\x65\x2d\x77\x69\x64\x74\x68\x3d\x22\x31\x2e\x38\
\x22\x20\x73\x74\x72\x6f\x6b\x65\x2d\x6c\x69\x6e\x65\x63\x61\x70\
\x3d\x22\x72\x6f\x75\x6e\x64\x22\x20\x73\x74\x72\x6f\x6b\x65\x2d\
\x6c\x69\x6e\x65\x6a\x6f\x69\x6e\x3d\x22\x72\x6f\x75\x6e\x64\x22\
\x3e\x0a\x20\x20\x3c\x70\x61\x74\x68\x20\x64\x3d\x22\x4d\x37\x20\
\x37\x48\x33\x2e\x35\x56\x33\x2e\x35\x22\x2f\x3e\x3c\x70\x61\x74\
\x68\x20\x64\x3d\x22\x4d\x34\x20\x37\x2e\x35\x61\x38\x20\x38\x20\
\x30\x20\x31\x20\x31\x2d\x2e\x32\x20\x38\x22\x20\x66\x69\x6c\x6c\
\x3d\x22\x23\x45\x32\x45\x38\x45\x45\x22\x2f\x3e\x3c\x70\x61\x74\
\x68\x20\x64\x3d\x22\x4d\x39\x20\x39\x68\x36\x4d\x31\x30\x20\x31\
\x32\x68\x34\x4d\x31\x31\x20\x31\x35\x68\x32\x22\x20\x73\x74\x72\
\x6f\x6b\x65\x3d\x22\x23\x34\x35\x35\x34\x36\x38\x22\x2f\x3e\x0a\
\x3c\x2f\x73\x76\x67\x3e\x0a\
\x00\x00\x01\x39\
\x3c\
\x73\x76\x67\x20\x78\x6d\x6c\x6e\x73\x3d\x22\x68\x74\x74\x70\x3a\
\x2f\x2f\x77\x77\x77\x2e\x77\x33\x2e\x6f\x72\x67\x2f\x32\x30\x30\
\x30\x2f\x73\x76\x67\x22\x20\x77\x69\x64\x74\x68\x3d\x22\x32\x34\
\x22\x20\x68\x65\x69\x67\x68\x74\x3d\x22\x32\x34\x22\x20\x76\x69\
\x65\x77\x42\x6f\x78\x3d\x22\x30\x20\x30\x20\x32\x34\x20\x32\x34\
\x22\x20\x66\x69\x6c\x6c\x3d\x22\x6e\x6f\x6e\x65\x22\x20\x73\x74\
\x72\x6f\x6b\x65\x3d\x22\x23\x37\x42\x36\x46\x39\x34\x22\x20\x73\
\x74\x72\x6f\x6b\x65\x2d\x77\x69\x64\x74\x68\x3d\x22\x31\x2e\x38\
\x22\x20\x73\x74\x72\x6f\x6b\x65\x2d\x6c\x69\x6e\x65\x63\x61\x70\
\x3d\x22\x72\x6f\x75\x6e\x64\x22\x20\x73\x74\x72\x6f\x6b\x65\x2d\
\x6c\x69\x6e\x65\x6a\x6f\x69\x6e\x3d\x22\x72\x6f\x75\x6e\x64\x22\
\x3e\x0a\x20\x20\x3c\x72\x65\x63\x74\x20\x78\x3d\x22\x34\x22\x20\
\x79\x3d\x22\x35\x22\x20\x77\x69\x64\x74\x68\x3d\x22\x31\x36\x22\
\x20\x68\x65\x69\x67\x68\x74\x3d\x22\x31\x34\x22\x20\x72\x78\x3d\
\x22\x32\x22\x20\x66\x69\x6c\x6c\x3d\x22\x23\x45\x38\x45\x32\x45\
\x45\x22\x2f\x3e\x3c\x70\x61\x74\x68\x20\x64\x3d\x22\x6d\x31\x30\
\x20\x39\x20\x35\x20\x33\x2d\x35\x20\x33\x5a\x22\x20\x66\x69\x6c\
\x6c\x3d\x22\x23\x45\x38\x45\x32\x45\x45\x22\x2f\x3e\x3c\x70\x61\
\x74\x68\x20\x64\x3d\x22\x4d\x38\x20\x32\x31\x68\x38\x22\x2f\x3e\
\x0a\x3c\x2f\x73\x76\x67\x3e\x0a\
\x00\x00\x01\x75\
\x3c\
\x73\x76\x67\x20\x78\x6d\x6c\x6e\x73\x3d\x22\x68\x74\x74\x70\x3a\
\x2f\x2f\x77\x77\x77\x2e\x77\x33\x2e\x6f\x72\x67\x2f\x32\x30\x30\
\x30\x2f\x73\x76\x67\x22\x20\x77\x69\x64\x74\x68\x3d\x22\x32\x34\
\x22\x20\x68\x65\x69\x67\x68\x74\x3d\x22\x32\x34\x22\x20\x76\x69\
\x65\x77\x42\x6f\x78\x3d\x22\x30\x20\x30\x20\x32\x34\x20\x32\x34\
\x22\x20\x66\x69\x6c\x6c\x3d\x22\x6e\x6f\x6e\x65\x22\x20\x73\x74\
\x72\x6f\x6b\x65\x3d\x22\x23\x41\x36\x35\x46\x35\x46\x22\x20\x73\
\x74\x72\x6f\x6b\x65\x2d\x77\x69\x64\x74\x68\x3d\x22\x31\x2e\x38\
\x22\x20\x73\x74\x72\x6f\x6b\x65\x2d\x6c\x69\x6e\x65\x63\x61\x70\
\x3d\x22\x72\x6f\x75\x6e\x64\x22\x20\x73\x74\x72\x6f\x6b\x65\x2d\
\x6c\x69\x6e\x65\x6a\x6f\x69\x6e\x3d\x22\x72\x6f\x75\x6e\x64\x22\
\x3e\x0a\x20\x20\x3c\x72\x65\x63\x74\x20\x78\x3d\x22\x34\x2e\x35\
\x22\x20\x79\x3d\x22\x35\x22\x20\x77\x69\x64\x74\x68\x3d\x22\x31\
\x32\x22\x20\x68\x65\x69\x67\x68\x74\x3d\x22\x31\x32\x22\x20\x72\
\x78\x3d\x22\x32\x22\x20\x66\x69\x6c\x6c\x3d\x22\x23\x46\x31\x44\
\x45\x44\x45\x22\x2f\x3e\x3c\x70\x61\x74\x68\x20\x64\x3d\x22\x6d\
\x31\x33\x20\x31\x34\x20\x36\x20\x36\x4d\x31\x39\x20\x31\x34\x6c\
\x2d\x36\x20\x36\x22\x2f\x3e\x3c\x72\x65\x63\x74\x20\x78\x3d\x22\
\x33\x2e\x36\x22\x20\x79\x3d\x22\x34\x2e\x31\x22\x20\x77\x69\x64\
\x74\x68\x3d\x22\x31\x2e\x38\x22\x20\x68\x65\x69\x67\x68\x74\x3d\
\x22\x31\x2e\x38\x22\x20\x72\x78\x3d\x22\x2e\x35\x22\x20\x66\x69\
\x6c\x6c\x3d\x22\x23\x34\x35\x35\x34\x36\x38\x22\x20\x73\x74\x72\
\x6f\x6b\x65\x3d\x22\x6e\x6f\x6e\x65\x22\x2f\x3e\x0a\x3c\x2f\x73\
\x76\x67\x3e\x0a\
\x00\x00\x01\x6b\
\x3c\
\x73\x76\x67\x20\x78\x6d\x6c\x6e\x73\x3d\x22\x68\x74\x74\x70\x3a\
\x2f\x2f\x77\x77\x77\x2e\x77\x33\x2e\x6f\x72\x67\x2f\x32\x30\x30\
\x30\x2f\x73\x76\x67\x22\x20\x77\x69\x64\x74\x68\x3d\x22\x32\x34\
\x22\x20\x68\x65\x69\x67\x68\x74\x3d\x22\x32\x34\x22\x20\x76\x69\
\x65\x77\x42\x6f\x78\x3d\x22\x30\x20\x30\x20\x32\x34\x20\x32\x34\
\x22\x20\x66\x69\x6c\x6c\x3d\x22\x6e\x6f\x6e\x65\x22\x20\x73\x74\
\x72\x6f\x6b\x65\x3d\x22\x23\x41\x36\x35\x46\x35\x46\x22\x20\x73\
\x74\x72\x6f\x6b\x65\x2d\x77\x69\x64\x74\x68\x3d\x22\x31\x2e\x38\
\x22\x20\x73\x74\x72\x6f\x6b\x65\x2d\x6c\x69\x6e\x65\x63\x61\x70\
\x3d\x22\x72\x6f\x75\x6e\x64\x22\x20\x73\x74\x72\x6f\x6b\x65\x2d\
\x6c\x69\x6e\x65\x6a\x6f\x69\x6e\x3d\x22\x72\x6f\x75\x6e\x64\x22\
\x3e\x0a\x20\x20\x3c\x72\x65\x63\x74\x20\x78\x3d\x22\x34\x22\x20\
\x79\x3d\x22\x34\x2e\x35\x22\x20\x77\x69\x64\x74\x68\x3d\x22\x31\
\x34\x22\x20\x68\x65\x69\x67\x68\x74\x3d\x22\x31\x33\x22\x20\x72\
\x78\x3d\x22\x32\x22\x20\x66\x69\x6c\x6c\x3d\x22\x23\x46\x31\x44\
\x45\x44\x45\x22\x2f\x3e\x3c\x70\x61\x74\x68\x20\x64\x3d\x22\x6d\
\x36\x2e\x35\x20\x31\x34\x2e\x35\x20\x33\x2d\x33\x20\x32\x2e\x32\
\x20\x32\x20\x32\x2d\x31\x2e\x38\x20\x32\x20\x32\x22\x20\x73\x74\
\x72\x6f\x6b\x65\x3d\x22\x23\x34\x35\x35\x34\x36\x38\x22\x2f\x3e\
\x3c\x70\x61\x74\x68\x20\x64\x3d\x22\x4d\x31\x34\x20\x31\x39\x68\
\x37\x4d\x31\x36\x20\x31\x39\x6c\x2e\x34\x20\x32\x68\x32\x2e\x32\
\x6c\x2e\x34\x2d\x32\x4d\x31\x36\x2e\x35\x20\x31\x37\x68\x32\x22\
\x2f\x3e\x0a\x3c\x2f\x73\x76\x67\x3e\x0a\
\x00\x00\x01\x62\
\x3c\
\x73\x76\x67\x20\x78\x6d\x6c\x6e\x73\x3d\x22\x68\x74\x74\x70\x3a\
\x2f\x2f\x77\x77\x77\x2e\x77\x33\x2e\x6f\x72\x67\x2f\x32\x30\x30\
\x30\x2f\x73\x76\x67\x22\x20\x77\x69\x64\x74\x68\x3d\x22\x32\x34\
\x22\x20\x68\x65\x69\x67\x68\x74\x3d\x22\x32\x34\x22\x20\x76\x69\
\x65\x77\x42\x6f\x78\x3d\x22\x30\x20\x30\x20\x32\x34\x20\x32\x34\
\x22\x20\x66\x69\x6c\x6c\x3d\x22\x6e\x6f\x6e\x65\x22\x20\x73\x74\
\x72\x6f\x6b\x65\x3d\x22\x23\x34\x46\x38\x35\x38\x32\x22\x20\x73\
\x74\x72\x6f\x6b\x65\x2d\x77\x69\x64\x74\x68\x3d\x22\x31\x2e\x38\
\x22\x20\x73\x74\x72\x6f\x6b\x65\x2d\x6c\x69\x6e\x65\x63\x61\x70\
\x3d\x22\x72\x6f\x75\x6e\x64\x22\x20\x73\x74\x72\x6f\x6b\x65\x2d\
\x6c\x69\x6e\x65\x6a\x6f\x69\x6e\x3d\x22\x72\x6f\x75\x6e\x64\x22\
\x3e\x0a\x20\x20\x3c\x72\x65\x63\x74\x20\x78\x3d\x22\x36\x22\x20\
\x79\x3d\x22\x35\x22\x20\x77\x69\x64\x74\x68\x3d\x22\x31\x34\x22\
\x20\x68\x65\x69\x67\x68\x74\x3d\x22\x31\x33\x22\x20\x72\x78\x3d\
\x22\x32\x22\x20\x66\x69\x6c\x6c\x3d\x22\x23\x44\x43\x45\x42\x45\
\x38\x22\x2f\x3e\x3c\x70\x61\x74\x68\x20\x64\x3d\x22\x6d\x38\x2e\
\x35\x20\x31\x35\x20\x33\x2d\x33\x20\x32\x2e\x32\x20\x32\x20\x32\
\x2d\x31\x2e\x38\x20\x32\x20\x32\x22\x20\x73\x74\x72\x6f\x6b\x65\
\x3d\x22\x23\x34\x35\x35\x34\x36\x38\x22\x2f\x3e\x3c\x70\x61\x74\
\x68\x20\x64\x3d\x22\x4d\x38\x20\x32\x30\x48\x34\x76\x2d\x34\x4d\
\x34\x2e\x35\x20\x31\x39\x2e\x35\x61\x36\x20\x36\x20\x30\x20\x30\
\x20\x31\x20\x33\x2d\x37\x22\x2f\x3e\x0a\x3c\x2f\x73\x76\x67\x3e\
\x0a\
\x00\x00\x01\x69\
\x3c\
\x73\x76\x67\x20\x78\x6d\x6c\x6e\x73\x3d\x22\x68\x74\x74\x70\x3a\
\x2f\x2f\x77\x77\x77\x2e\x77\x33\x2e\x6f\x72\x67\x2f\x32\x30\x30\
\x30\x2f\x73\x76\x67\x22\x20\x77\x69\x64\x74\x68\x3d\x22\x32\x34\
\x22\x20\x68\x65\x69\x67\x68\x74\x3d\x22\x32\x34\x22\x20\x76\x69\
\x65\x77\x42\x6f\x78\x3d\x22\x30\x20\x30\x20\x32\x34\x20\x32\x34\
\x22\x20\x66\x69\x6c\x6c\x3d\x22\x6e\x6f\x6e\x65\x22\x20\x73\x74\
\x72\x6f\x6b\x65\x3d\x22\x23\x36\x34\x37\x38\x38\x46\x22\x20\x73\
\x74\x72\x6f\x6b\x65\x2d\x77\x69\x64\x74\x68\x3d\x22\x31\x2e\x38\
\x22\x20\x73\x74\x72\x6f\x6b\x65\x2d\x6c\x69\x6e\x65\x63\x61\x70\
\x3d\x22\x72\x6f\x75\x6e\x64\x22\x20\x73\x74\x72\x6f\x6b\x65\x2d\
\x6c\x69\x6e\x65\x6a\x6f\x69\x6e\x3d\x22\x72\x6f\x75\x6e\x64\x22\
\x3e\x0a\x20\x20\x3c\x70\x61\x74\x68\x20\x64\x3d\x22\x4d\x33\x2e\
\x35\x20\x31\x32\x73\x33\x2e\x32\x2d\x35\x2e\x35\x20\x38\x2e\x35\
\x2d\x35\x2e\x35\x20\x38\x2e\x35\x20\x35\x2e\x35\x20\x38\x2e\x35\
\x20\x35\x2e\x35\x2d\x33\x2e\x32\x20\x35\x2e\x35\x2d\x38\x2e\x35\
\x20\x35\x2e\x35\x53\x33\x2e\x35\x20\x31\x32\x20\x33\x2e\x35\x20\
\x31\x32\x5a\x22\x20\x66\x69\x6c\x6c\x3d\x22\x23\x45\x32\x45\x38\
\x45\x45\x22\x2f\x3e\x3c\x70\x61\x74\x68\x20\x64\x3d\x22\x6d\x35\
\x20\x35\x20\x31\x34\x20\x31\x34\x22\x2f\x3e\x3c\x70\x61\x74\x68\
\x20\x64\x3d\x22\x4d\x31\x30\x20\x31\x30\x61\x32\x2e\x38\x20\x32\
\x2e\x38\x20\x30\x20\x30\x20\x30\x20\x34\x20\x34\x22\x20\x73\x74\
\x72\x6f\x6b\x65\x3d\x22\x23\x34\x35\x35\x34\x36\x38\x22\x2f\x3e\
\x0a\x3c\x2f\x73\x76\x67\x3e\x0a\
"

qt_resource_name = b"\
\x00\x03\
\x00\x00\x68\x70\
\x00\x61\
\x00\x70\x00\x70\
\x00\x03\
\x00\x00\x74\xc7\
\x00\x6e\
\x00\x65\x00\x77\
\x00\x03\
\x00\x00\x76\x7e\
\x00\x70\
\x00\x61\x00\x6e\
\x00\x04\
\x00\x06\xa6\x79\
\x00\x63\
\x00\x6f\x00\x70\x00\x79\
\x00\x04\
\x00\x06\xa9\x60\
\x00\x63\
\x00\x72\x00\x6f\x00\x70\
\x00\x04\
\x00\x06\xb6\x45\
\x00\x64\
\x00\x6f\x00\x6e\x00\x65\
\x00\x04\
\x00\x06\xbb\x04\
\x00\x65\
\x00\x64\x00\x69\x00\x74\
\x00\x04\
\x00\x06\xd0\x25\
\x00\x66\
\x00\x69\x00\x6c\x00\x65\
\x00\x04\
\x00\x06\xec\x30\
\x00\x68\
\x00\x65\x00\x6c\x00\x70\
\x00\x04\
\x00\x06\xef\xa5\
\x00\x68\
\x00\x69\x00\x64\x00\x65\
\x00\x04\
\x00\x07\x4c\xf4\
\x00\x6e\
\x00\x65\x00\x78\x00\x74\
\x00\x04\
\x00\x07\x66\xbe\
\x00\x6f\
\x00\x70\x00\x65\x00\x6e\
\x00\x04\
\x00\x07\x78\xc6\
\x00\x70\
\x00\x72\x00\x65\x00\x76\
\x00\x04\
\x00\x07\x8b\xaf\
\x00\x72\
\x00\x65\x00\x64\x00\x6f\
\x00\x04\
\x00\x07\x8c\x04\
\x00\x71\
\x00\x75\x00\x69\x00\x74\
\x00\x04\
\x00\x07\x98\xc5\
\x00\x73\
\x00\x61\x00\x76\x00\x65\
\x00\x04\
\x00\x07\xc4\xaf\
\x00\x75\
\x00\x6e\x00\x64\x00\x6f\
\x00\x04\
\x00\x08\x16\x5d\
\x00\x7a\
\x00\x6f\x00\x6f\x00\x6d\
\x00\x05\
\x00\x67\x96\xc4\
\x00\x61\
\x00\x62\x00\x6f\x00\x75\x00\x74\
\x00\x05\
\x00\x6a\x36\x95\
\x00\x63\
\x00\x6c\x00\x6f\x00\x73\x00\x65\
\x00\x05\
\x00\x6a\x63\x62\
\x00\x63\
\x00\x6f\x00\x6c\x00\x6f\x00\x72\
\x00\x05\
\x00\x76\x8a\xa5\
\x00\x70\
\x00\x61\x00\x73\x00\x74\x00\x65\
\x00\x0f\
\x01\x61\x42\xf3\
\x00\x73\
\x00\x68\x00\x6f\x00\x77\x00\x2d\x00\x62\x00\x6f\x00\x78\x00\x2d\x00\x6c\x00\x61\x00\x62\x00\x65\x00\x6c\x00\x73\
\x00\x07\
\x01\x66\x02\xfe\
\x00\x7a\
\x00\x6f\x00\x6f\x00\x6d\x00\x2d\x00\x69\x00\x6e\
\x00\x0f\
\x01\x74\x03\x9c\
\x00\x66\
\x00\x6c\x00\x69\x00\x70\x00\x2d\x00\x68\x00\x6f\x00\x72\x00\x69\x00\x7a\x00\x6f\x00\x6e\x00\x74\x00\x61\x00\x6c\
\x00\x12\
\x01\x87\x94\xb4\
\x00\x61\
\x00\x6e\x00\x6e\x00\x6f\x00\x74\x00\x61\x00\x74\x00\x69\x00\x6f\x00\x6e\x00\x2d\x00\x63\x00\x75\x00\x72\x00\x72\x00\x65\x00\x6e\
\x00\x74\
\x00\x0d\
\x02\x50\xda\xa3\
\x00\x72\
\x00\x65\x00\x6d\x00\x6f\x00\x76\x00\x65\x00\x2d\x00\x66\x00\x72\x00\x61\x00\x6d\x00\x65\x00\x73\
\x00\x12\
\x02\x74\x99\x02\
\x00\x73\
\x00\x70\x00\x65\x00\x63\x00\x69\x00\x61\x00\x6c\x00\x69\x00\x7a\x00\x65\x00\x64\x00\x2d\x00\x72\x00\x65\x00\x70\x00\x61\x00\x69\
\x00\x72\
\x00\x10\
\x02\xf0\xf9\x73\
\x00\x63\
\x00\x6f\x00\x70\x00\x79\x00\x2d\x00\x61\x00\x6e\x00\x6e\x00\x6f\x00\x74\x00\x61\x00\x74\x00\x69\x00\x6f\x00\x6e\x00\x73\
\x00\x11\
\x03\x80\xf0\xd3\
\x00\x72\
\x00\x65\x00\x63\x00\x65\x00\x6e\x00\x74\x00\x2d\x00\x6f\x00\x70\x00\x65\x00\x72\x00\x61\x00\x74\x00\x69\x00\x6f\x00\x6e\x00\x73\
\
\x00\x11\
\x03\x86\x80\xd4\
\x00\x72\
\x00\x65\x00\x76\x00\x69\x00\x65\x00\x77\x00\x2d\x00\x71\x00\x75\x00\x65\x00\x73\x00\x74\x00\x69\x00\x6f\x00\x6e\x00\x65\x00\x64\
\
\x00\x0a\
\x03\x87\xc0\x73\
\x00\x66\
\x00\x6f\x00\x72\x00\x6d\x00\x61\x00\x74\x00\x5f\x00\x76\x00\x6f\x00\x63\
\x00\x0a\
\x03\x8a\xe0\x73\
\x00\x66\
\x00\x6f\x00\x72\x00\x6d\x00\x61\x00\x74\x00\x2d\x00\x76\x00\x6f\x00\x63\
\x00\x17\
\x04\x3e\x43\xb5\
\x00\x72\
\x00\x6f\x00\x74\x00\x61\x00\x74\x00\x65\x00\x2d\x00\x63\x00\x6f\x00\x75\x00\x6e\x00\x74\x00\x65\x00\x72\x00\x63\x00\x6c\x00\x6f\
\x00\x63\x00\x6b\x00\x77\x00\x69\x00\x73\x00\x65\
\x00\x0b\
\x04\x67\x44\x74\
\x00\x6f\
\x00\x70\x00\x65\x00\x6e\x00\x2d\x00\x72\x00\x65\x00\x63\x00\x65\x00\x6e\x00\x74\
\x00\x10\
\x04\x9f\x5d\xd5\
\x00\x6c\
\x00\x61\x00\x6e\x00\x67\x00\x75\x00\x61\x00\x67\x00\x65\x00\x2d\x00\x63\x00\x68\x00\x69\x00\x6e\x00\x65\x00\x73\x00\x65\
\x00\x0a\
\x04\xd5\xeb\x87\
\x00\x66\
\x00\x69\x00\x74\x00\x2d\x00\x77\x00\x69\x00\x6e\x00\x64\x00\x6f\x00\x77\
\x00\x10\
\x04\xf5\x0e\x55\
\x00\x72\
\x00\x6f\x00\x74\x00\x61\x00\x74\x00\x65\x00\x2d\x00\x63\x00\x6c\x00\x6f\x00\x63\x00\x6b\x00\x77\x00\x69\x00\x73\x00\x65\
\x00\x13\
\x05\x6b\xc3\xb9\
\x00\x75\
\x00\x73\x00\x65\x00\x2d\x00\x69\x00\x6d\x00\x61\x00\x67\x00\x65\x00\x2d\x00\x64\x00\x69\x00\x72\x00\x65\x00\x63\x00\x74\x00\x6f\
\x00\x72\x00\x79\
\x00\x0f\
\x05\x76\xe5\x14\
\x00\x72\
\x00\x65\x00\x76\x00\x69\x00\x65\x00\x77\x00\x2d\x00\x76\x00\x65\x00\x72\x00\x69\x00\x66\x00\x69\x00\x65\x00\x64\
\x00\x0b\
\x05\x82\xbf\xa5\
\x00\x72\
\x00\x65\x00\x63\x00\x65\x00\x6e\x00\x74\x00\x2d\x00\x66\x00\x69\x00\x6c\x00\x65\
\x00\x11\
\x05\xe5\x75\x54\
\x00\x72\
\x00\x65\x00\x76\x00\x69\x00\x65\x00\x77\x00\x2d\x00\x75\x00\x6e\x00\x72\x00\x65\x00\x76\x00\x69\x00\x65\x00\x77\x00\x65\x00\x64\
\
\x00\x08\
\x06\x60\x56\xe4\
\x00\x7a\
\x00\x6f\x00\x6f\x00\x6d\x00\x2d\x00\x6f\x00\x75\x00\x74\
\x00\x1b\
\x06\x6c\xe7\x79\
\x00\x63\
\x00\x68\x00\x6f\x00\x6f\x00\x73\x00\x65\x00\x2d\x00\x61\x00\x6e\x00\x6e\x00\x6f\x00\x74\x00\x61\x00\x74\x00\x69\x00\x6f\x00\x6e\
\x00\x2d\x00\x64\x00\x69\x00\x72\x00\x65\x00\x63\x00\x74\x00\x6f\x00\x72\x00\x79\
\x00\x0a\
\x06\x8b\x64\x25\
\x00\x63\
\x00\x6f\x00\x6c\x00\x6f\x00\x72\x00\x5f\x00\x6c\x00\x69\x00\x6e\x00\x65\
\x00\x14\
\x06\xa2\x56\x19\
\x00\x61\
\x00\x6e\x00\x6e\x00\x6f\x00\x74\x00\x61\x00\x74\x00\x69\x00\x6f\x00\x6e\x00\x2d\x00\x64\x00\x69\x00\x72\x00\x65\x00\x63\x00\x74\
\x00\x6f\x00\x72\x00\x79\
\x00\x06\
\x06\xac\x2c\xa5\
\x00\x64\
\x00\x65\x00\x6c\x00\x65\x00\x74\x00\x65\
\x00\x19\
\x06\xec\x92\xf3\
\x00\x63\
\x00\x6f\x00\x70\x00\x79\x00\x2d\x00\x70\x00\x72\x00\x65\x00\x76\x00\x69\x00\x6f\x00\x75\x00\x73\x00\x2d\x00\x61\x00\x6e\x00\x6e\
\x00\x6f\x00\x74\x00\x61\x00\x74\x00\x69\x00\x6f\x00\x6e\x00\x73\
\x00\x0d\
\x06\xfa\x91\x5c\
\x00\x66\
\x00\x6c\x00\x69\x00\x70\x00\x2d\x00\x76\x00\x65\x00\x72\x00\x74\x00\x69\x00\x63\x00\x61\x00\x6c\
\x00\x06\
\x07\x27\x8c\x33\
\x00\x6c\
\x00\x61\x00\x62\x00\x65\x00\x6c\x00\x73\
\x00\x09\
\x07\x4d\x21\xa8\
\x00\x66\
\x00\x69\x00\x74\x00\x2d\x00\x77\x00\x69\x00\x64\x00\x74\x00\x68\
\x00\x0a\
\x07\x4f\x0e\xbc\
\x00\x65\
\x00\x64\x00\x69\x00\x74\x00\x2d\x00\x6c\x00\x61\x00\x62\x00\x65\x00\x6c\
\x00\x0d\
\x07\xc5\x77\xf3\
\x00\x69\
\x00\x6d\x00\x61\x00\x67\x00\x65\x00\x2d\x00\x61\x00\x63\x00\x74\x00\x69\x00\x6f\x00\x6e\x00\x73\
\x00\x06\
\x07\xcc\x8f\xd9\
\x00\x76\
\x00\x65\x00\x72\x00\x69\x00\x66\x00\x79\
\x00\x0c\
\x07\xfa\x9c\x43\
\x00\x64\
\x00\x72\x00\x61\x00\x77\x00\x2d\x00\x73\x00\x71\x00\x75\x00\x61\x00\x72\x00\x65\x00\x73\
\x00\x08\
\x08\x4e\xb9\x95\
\x00\x6c\
\x00\x61\x00\x6e\x00\x67\x00\x75\x00\x61\x00\x67\x00\x65\
\x00\x0b\
\x08\x7c\x58\x4f\
\x00\x66\
\x00\x6f\x00\x72\x00\x6d\x00\x61\x00\x74\x00\x5f\x00\x79\x00\x6f\x00\x6c\x00\x6f\
\x00\x0a\
\x08\xab\x29\xf0\
\x00\x72\
\x00\x6f\x00\x74\x00\x61\x00\x74\x00\x65\x00\x2d\x00\x31\x00\x38\x00\x30\
\x00\x0b\
\x08\xae\x58\x4f\
\x00\x66\
\x00\x6f\x00\x72\x00\x6d\x00\x61\x00\x74\x00\x2d\x00\x79\x00\x6f\x00\x6c\x00\x6f\
\x00\x0d\
\x08\xdb\x81\xf9\
\x00\x69\
\x00\x6d\x00\x61\x00\x67\x00\x65\x00\x2d\x00\x71\x00\x75\x00\x61\x00\x6c\x00\x69\x00\x74\x00\x79\
\x00\x10\
\x09\x41\x21\xd8\
\x00\x6c\
\x00\x61\x00\x6e\x00\x67\x00\x75\x00\x61\x00\x67\x00\x65\x00\x2d\x00\x65\x00\x6e\x00\x67\x00\x6c\x00\x69\x00\x73\x00\x68\
\x00\x07\
\x09\x8c\x83\x63\
\x00\x73\
\x00\x61\x00\x76\x00\x65\x00\x2d\x00\x61\x00\x73\
\x00\x0f\
\x0a\x67\xf0\x83\
\x00\x64\
\x00\x75\x00\x70\x00\x6c\x00\x69\x00\x63\x00\x61\x00\x74\x00\x65\x00\x2d\x00\x62\x00\x6f\x00\x78\x00\x65\x00\x73\
\x00\x0b\
\x0a\x80\x3e\x64\
\x00\x73\
\x00\x65\x00\x6c\x00\x65\x00\x63\x00\x74\x00\x2d\x00\x65\x00\x64\x00\x69\x00\x74\
\x00\x0b\
\x0a\xb1\x06\x00\
\x00\x72\
\x00\x6f\x00\x74\x00\x61\x00\x74\x00\x65\x00\x2d\x00\x66\x00\x6c\x00\x69\x00\x70\
\x00\x0f\
\x0a\xc8\x56\xdc\
\x00\x66\
\x00\x6f\x00\x72\x00\x6d\x00\x61\x00\x74\x00\x5f\x00\x63\x00\x72\x00\x65\x00\x61\x00\x74\x00\x65\x00\x6d\x00\x6c\
\x00\x0f\
\x0a\xc9\xfa\xdc\
\x00\x66\
\x00\x6f\x00\x72\x00\x6d\x00\x61\x00\x74\x00\x2d\x00\x63\x00\x72\x00\x65\x00\x61\x00\x74\x00\x65\x00\x6d\x00\x6c\
\x00\x09\
\x0b\x24\x49\x45\
\x00\x61\
\x00\x75\x00\x74\x00\x6f\x00\x2d\x00\x73\x00\x61\x00\x76\x00\x65\
\x00\x0c\
\x0b\x7a\xb4\xe3\
\x00\x73\
\x00\x69\x00\x6e\x00\x67\x00\x6c\x00\x65\x00\x2d\x00\x63\x00\x6c\x00\x61\x00\x73\x00\x73\
\x00\x12\
\x0b\x9f\xef\x3e\
\x00\x72\
\x00\x65\x00\x70\x00\x6c\x00\x61\x00\x63\x00\x65\x00\x2d\x00\x61\x00\x6e\x00\x6e\x00\x6f\x00\x74\x00\x61\x00\x74\x00\x69\x00\x6f\
\x00\x6e\
\x00\x0c\
\x0b\xca\x0e\x95\
\x00\x61\
\x00\x64\x00\x6a\x00\x75\x00\x73\x00\x74\x00\x2d\x00\x69\x00\x6d\x00\x61\x00\x67\x00\x65\
\x00\x12\
\x0b\xe7\xda\x13\
\x00\x6b\
\x00\x65\x00\x79\x00\x62\x00\x6f\x00\x61\x00\x72\x00\x64\x00\x2d\x00\x73\x00\x68\x00\x6f\x00\x72\x00\x74\x00\x63\x00\x75\x00\x74\
\x00\x73\
\x00\x10\
\x0c\x0d\x4a\xbc\
\x00\x61\
\x00\x6e\x00\x6e\x00\x6f\x00\x74\x00\x61\x00\x74\x00\x69\x00\x6f\x00\x6e\x00\x2d\x00\x70\x00\x61\x00\x6e\x00\x65\x00\x6c\
\x00\x12\
\x0c\x10\xce\x8d\
\x00\x67\
\x00\x65\x00\x6f\x00\x6d\x00\x65\x00\x74\x00\x72\x00\x79\x00\x2d\x00\x74\x00\x72\x00\x61\x00\x6e\x00\x73\x00\x66\x00\x6f\x00\x72\
\x00\x6d\
\x00\x09\
\x0c\x13\x24\xe5\
\x00\x6f\
\x00\x70\x00\x65\x00\x6e\x00\x2d\x00\x66\x00\x69\x00\x6c\x00\x65\
\x00\x14\
\x0c\x16\x0b\x79\
\x00\x6f\
\x00\x70\x00\x65\x00\x6e\x00\x2d\x00\x69\x00\x6d\x00\x61\x00\x67\x00\x65\x00\x2d\x00\x64\x00\x69\x00\x72\x00\x65\x00\x63\x00\x74\
\x00\x6f\x00\x72\x00\x79\
\x00\x08\
\x0c\x9c\xab\x2c\
\x00\x72\
\x00\x65\x00\x73\x00\x65\x00\x74\x00\x61\x00\x6c\x00\x6c\
\x00\x08\
\x0c\xb6\x80\x1c\
\x00\x74\
\x00\x75\x00\x74\x00\x6f\x00\x72\x00\x69\x00\x61\x00\x6c\
\x00\x0c\
\x0d\x61\x37\x83\
\x00\x64\
\x00\x65\x00\x6c\x00\x65\x00\x74\x00\x65\x00\x2d\x00\x62\x00\x6f\x00\x78\x00\x65\x00\x73\
\x00\x0c\
\x0d\x68\x6e\x95\
\x00\x64\
\x00\x65\x00\x6c\x00\x65\x00\x74\x00\x65\x00\x2d\x00\x69\x00\x6d\x00\x61\x00\x67\x00\x65\
\x00\x15\
\x0f\x4e\x85\x47\
\x00\x75\
\x00\x6e\x00\x64\x00\x6f\x00\x2d\x00\x69\x00\x6d\x00\x61\x00\x67\x00\x65\x00\x2d\x00\x70\x00\x72\x00\x6f\x00\x63\x00\x65\x00\x73\
\x00\x73\x00\x69\x00\x6e\x00\x67\
\x00\x08\
\x0f\xa8\x3d\xec\
\x00\x68\
\x00\x69\x00\x64\x00\x65\x00\x2d\x00\x61\x00\x6c\x00\x6c\
"

qt_resource_struct_v1 = b"\
\x00\x00\x00\x00\x00\x02\x00\x00\x00\x52\x00\x00\x00\x01\
\x00\x00\x00\x00\x00\x00\x00\x00\x00\x01\x00\x00\x00\x00\
\x00\x00\x00\x0c\x00\x00\x00\x00\x00\x01\x00\x00\x0f\x84\
\x00\x00\x00\x18\x00\x00\x00\x00\x00\x01\x00\x00\x11\xb1\
\x00\x00\x00\x24\x00\x00\x00\x00\x00\x01\x00\x00\x13\x6c\
\x00\x00\x00\x32\x00\x00\x00\x00\x00\x01\x00\x00\x14\xde\
\x00\x00\x00\x40\x00\x00\x00\x00\x00\x01\x00\x00\x16\x4f\
\x00\x00\x00\x4e\x00\x00\x00\x00\x00\x01\x00\x00\x17\x5f\
\x00\x00\x00\x5c\x00\x00\x00\x00\x00\x01\x00\x00\x19\x78\
\x00\x00\x00\x6a\x00\x00\x00\x00\x00\x01\x00\x00\x1a\xa8\
\x00\x00\x00\x78\x00\x00\x00\x00\x00\x01\x00\x00\x1b\xf1\
\x00\x00\x00\x86\x00\x00\x00\x00\x00\x01\x00\x00\x1d\x45\
\x00\x00\x00\x94\x00\x00\x00\x00\x00\x01\x00\x00\x1e\x6e\
\x00\x00\x00\xa2\x00\x00\x00\x00\x00\x01\x00\x00\x1f\xd7\
\x00\x00\x00\xb0\x00\x00\x00\x00\x00\x01\x00\x00\x21\x01\
\x00\x00\x00\xbe\x00\x00\x00\x00\x00\x01\x00\x00\x22\x37\
\x00\x00\x00\xcc\x00\x00\x00\x00\x00\x01\x00\x00\x23\x8d\
\x00\x00\x00\xda\x00\x00\x00\x00\x00\x01\x00\x00\x24\xdd\
\x00\x00\x00\xe8\x00\x00\x00\x00\x00\x01\x00\x00\x26\x10\
\x00\x00\x00\xf6\x00\x00\x00\x00\x00\x01\x00\x00\x27\x61\
\x00\x00\x01\x06\x00\x00\x00\x00\x00\x01\x00\x00\x28\xb4\
\x00\x00\x01\x16\x00\x00\x00\x00\x00\x01\x00\x00\x29\xdf\
\x00\x00\x01\x26\x00\x00\x00\x00\x00\x01\x00\x00\x2b\x35\
\x00\x00\x01\x36\x00\x00\x00\x00\x00\x01\x00\x00\x2c\xb0\
\x00\x00\x01\x5a\x00\x00\x00\x00\x00\x01\x00\x00\x2e\x22\
\x00\x00\x01\x6e\x00\x00\x00\x00\x00\x01\x00\x00\x2f\x5d\
\x00\x00\x01\x92\x00\x00\x00\x00\x00\x01\x00\x00\x30\xa1\
\x00\x00\x01\xbc\x00\x00\x00\x00\x00\x01\x00\x00\x31\xeb\
\x00\x00\x01\xdc\x00\x00\x00\x00\x00\x01\x00\x00\x33\x41\
\x00\x00\x02\x06\x00\x00\x00\x00\x00\x01\x00\x00\x34\xb8\
\x00\x00\x02\x2c\x00\x00\x00\x00\x00\x01\x00\x00\x36\x3f\
\x00\x00\x02\x54\x00\x00\x00\x00\x00\x01\x00\x00\x37\x77\
\x00\x00\x02\x7c\x00\x00\x00\x00\x00\x01\x00\x00\x39\x12\
\x00\x00\x02\x96\x00\x00\x00\x00\x00\x01\x00\x00\x3a\x5a\
\x00\x00\x02\xb0\x00\x00\x00\x00\x00\x01\x00\x00\x3b\xa2\
\x00\x00\x02\xe4\x00\x00\x00\x00\x00\x01\x00\x00\x3c\xe6\
\x00\x00\x03\x00\x00\x00\x00\x00\x00\x01\x00\x00\x3e\x88\
\x00\x00\x03\x26\x00\x00\x00\x00\x00\x01\x00\x00\x40\x0d\
\x00\x00\x03\x40\x00\x00\x00\x00\x00\x01\x00\x00\x41\x42\
\x00\x00\x03\x66\x00\x00\x00\x00\x00\x01\x00\x00\x42\x8f\
\x00\x00\x03\x92\x00\x00\x00\x00\x00\x01\x00\x00\x44\x40\
\x00\x00\x03\xb6\x00\x00\x00\x00\x00\x01\x00\x00\x45\xbf\
\x00\x00\x03\xd2\x00\x00\x00\x00\x00\x01\x00\x00\x47\x25\
\x00\x00\x03\xfa\x00\x00\x00\x00\x00\x01\x00\x00\x48\x90\
\x00\x00\x04\x10\x00\x00\x00\x00\x00\x01\x00\x00\x49\xb8\
\x00\x00\x04\x4c\x00\x00\x00\x00\x00\x01\x00\x00\x4b\xbb\
\x00\x00\x04\x66\x00\x00\x00\x00\x00\x01\x00\x00\x4d\x46\
\x00\x00\x04\x94\x00\x00\x00\x00\x00\x01\x00\x00\x4e\xd4\
\x00\x00\x04\xa6\x00\x00\x00\x00\x00\x01\x00\x00\x50\x5c\
\x00\x00\x04\xde\x00\x00\x00\x00\x00\x01\x00\x00\x51\xc6\
\x00\x00\x04\xfe\x00\x00\x00\x00\x00\x01\x00\x00\x53\x09\
\x00\x00\x05\x10\x00\x00\x00\x00\x00\x01\x00\x00\x54\x66\
\x00\x00\x05\x28\x00\x00\x00\x00\x00\x01\x00\x00\x55\xaf\
\x00\x00\x05\x42\x00\x00\x00\x00\x00\x01\x00\x00\x57\x30\
\x00\x00\x05\x62\x00\x00\x00\x00\x00\x01\x00\x00\x58\x97\
\x00\x00\x05\x74\x00\x00\x00\x00\x00\x01\x00\x00\x5a\x16\
\x00\x00\x05\x92\x00\x00\x00\x00\x00\x01\x00\x00\x5b\x81\
\x00\x00\x05\xa8\x00\x00\x00\x00\x00\x01\x00\x00\x5c\xfe\
\x00\x00\x05\xc4\x00\x00\x00\x00\x00\x01\x00\x00\x5e\x75\
\x00\x00\x05\xde\x00\x00\x00\x00\x00\x01\x00\x00\x5f\xbc\
\x00\x00\x05\xfa\x00\x00\x00\x00\x00\x01\x00\x00\x61\x33\
\x00\x00\x06\x1a\x00\x00\x00\x00\x00\x01\x00\x00\x62\xc7\
\x00\x00\x06\x40\x00\x00\x00\x00\x00\x01\x00\x00\x64\x50\
\x00\x00\x06\x54\x00\x00\x00\x00\x00\x01\x00\x00\x65\xa7\
\x00\x00\x06\x78\x00\x00\x00\x00\x00\x01\x00\x00\x67\x07\
\x00\x00\x06\x94\x00\x00\x00\x00\x00\x01\x00\x00\x69\x20\
\x00\x00\x06\xb0\x00\x00\x00\x00\x00\x01\x00\x00\x6a\xab\
\x00\x00\x06\xd4\x00\x00\x00\x00\x00\x01\x00\x00\x6c\xa7\
\x00\x00\x06\xf8\x00\x00\x00\x00\x00\x01\x00\x00\x6e\xa3\
\x00\x00\x07\x10\x00\x00\x00\x00\x00\x01\x00\x00\x6f\xe5\
\x00\x00\x07\x2e\x00\x00\x00\x00\x00\x01\x00\x00\x71\x43\
\x00\x00\x07\x58\x00\x00\x00\x00\x00\x01\x00\x00\x72\xb3\
\x00\x00\x07\x76\x00\x00\x00\x00\x00\x01\x00\x00\x74\x65\
\x00\x00\x07\xa0\x00\x00\x00\x00\x00\x01\x00\x00\x75\xce\
\x00\x00\x07\xc6\x00\x00\x00\x00\x00\x01\x00\x00\x77\xa9\
\x00\x00\x07\xf0\x00\x00\x00\x00\x00\x01\x00\x00\x79\x17\
\x00\x00\x08\x08\x00\x00\x00\x00\x00\x01\x00\x00\x7a\x3d\
\x00\x00\x08\x36\x00\x00\x00\x00\x00\x01\x00\x00\x7b\xc7\
\x00\x00\x08\x4c\x00\x00\x00\x00\x00\x01\x00\x00\x7d\x03\
\x00\x00\x08\x62\x00\x00\x00\x00\x00\x01\x00\x00\x7e\x40\
\x00\x00\x08\x80\x00\x00\x00\x00\x00\x01\x00\x00\x7f\xb9\
\x00\x00\x08\x9e\x00\x00\x00\x00\x00\x01\x00\x00\x81\x28\
\x00\x00\x08\xce\x00\x00\x00\x00\x00\x01\x00\x00\x82\x8e\
"

qt_resource_struct_v2 = b"\
\x00\x00\x00\x00\x00\x02\x00\x00\x00\x52\x00\x00\x00\x01\
\x00\x00\x00\x00\x00\x00\x00\x00\
\x00\x00\x00\x00\x00\x00\x00\x00\x00\x01\x00\x00\x00\x00\
\x00\x00\x01\x9f\xda\xf8\x58\x7c\
\x00\x00\x00\x0c\x00\x00\x00\x00\x00\x01\x00\x00\x0f\x84\
\x00\x00\x01\x9f\xf5\x53\x73\xac\
\x00\x00\x00\x18\x00\x00\x00\x00\x00\x01\x00\x00\x11\xb1\
\x00\x00\x01\x9f\xf5\x5d\xfe\x02\
\x00\x00\x00\x24\x00\x00\x00\x00\x00\x01\x00\x00\x13\x6c\
\x00\x00\x01\x9f\xf5\x59\x0e\x8d\
\x00\x00\x00\x32\x00\x00\x00\x00\x00\x01\x00\x00\x14\xde\
\x00\x00\x01\x9f\xf5\x50\xd7\x56\
\x00\x00\x00\x40\x00\x00\x00\x00\x00\x01\x00\x00\x16\x4f\
\x00\x00\x01\x9f\xf5\x60\xa2\x3f\
\x00\x00\x00\x4e\x00\x00\x00\x00\x00\x01\x00\x00\x17\x5f\
\x00\x00\x01\x9f\xf5\x52\x30\xb7\
\x00\x00\x00\x5c\x00\x00\x00\x00\x00\x01\x00\x00\x19\x78\
\x00\x00\x01\x9f\xf5\x58\x1a\x28\
\x00\x00\x00\x6a\x00\x00\x00\x00\x00\x01\x00\x00\x1a\xa8\
\x00\x00\x01\x9f\xf5\x5d\x30\x80\
\x00\x00\x00\x78\x00\x00\x00\x00\x00\x01\x00\x00\x1b\xf1\
\x00\x00\x01\x9f\xf5\x5b\xbc\xf3\
\x00\x00\x00\x86\x00\x00\x00\x00\x00\x01\x00\x00\x1d\x45\
\x00\x00\x01\x9f\xf5\x60\xbe\x98\
\x00\x00\x00\x94\x00\x00\x00\x00\x00\x01\x00\x00\x1e\x6e\
\x00\x00\x01\x9f\xf5\x58\x2a\x04\
\x00\x00\x00\xa2\x00\x00\x00\x00\x00\x01\x00\x00\x1f\xd7\
\x00\x00\x01\x9f\xf5\x60\xcb\x96\
\x00\x00\x00\xb0\x00\x00\x00\x00\x00\x01\x00\x00\x21\x01\
\x00\x00\x01\x9f\xf5\x60\xef\x08\
\x00\x00\x00\xbe\x00\x00\x00\x00\x00\x01\x00\x00\x22\x37\
\x00\x00\x01\x9f\xf5\x59\x6b\x80\
\x00\x00\x00\xcc\x00\x00\x00\x00\x00\x01\x00\x00\x23\x8d\
\x00\x00\x01\x9f\xf5\x53\x6d\x59\
\x00\x00\x00\xda\x00\x00\x00\x00\x00\x01\x00\x00\x24\xdd\
\x00\x00\x01\x9f\xf5\x60\xe7\xd6\
\x00\x00\x00\xe8\x00\x00\x00\x00\x00\x01\x00\x00\x26\x10\
\x00\x00\x01\x9f\xf5\x5e\x89\xe2\
\x00\x00\x00\xf6\x00\x00\x00\x00\x00\x01\x00\x00\x27\x61\
\x00\x00\x01\x9f\xf5\x5d\x20\x21\
\x00\x00\x01\x06\x00\x00\x00\x00\x00\x01\x00\x00\x28\xb4\
\x00\x00\x01\x9f\xf5\x60\x9b\x03\
\x00\x00\x01\x16\x00\x00\x00\x00\x00\x01\x00\x00\x29\xdf\
\x00\x00\x01\x9f\xf5\x5b\x9e\x49\
\x00\x00\x01\x26\x00\x00\x00\x00\x00\x01\x00\x00\x2b\x35\
\x00\x00\x01\x9f\xf5\x59\x1e\xd1\
\x00\x00\x01\x36\x00\x00\x00\x00\x00\x01\x00\x00\x2c\xb0\
\x00\x00\x01\x9f\xf5\x5b\x34\xc5\
\x00\x00\x01\x5a\x00\x00\x00\x00\x00\x01\x00\x00\x2e\x22\
\x00\x00\x01\x9f\xf5\x50\xf8\x74\
\x00\x00\x01\x6e\x00\x00\x00\x00\x00\x01\x00\x00\x2f\x5d\
\x00\x00\x01\x9f\xf5\x5d\xa9\x54\
\x00\x00\x01\x92\x00\x00\x00\x00\x00\x01\x00\x00\x30\xa1\
\x00\x00\x01\x9f\xf5\x5a\xa1\xab\
\x00\x00\x01\xbc\x00\x00\x00\x00\x00\x01\x00\x00\x31\xeb\
\x00\x00\x01\x9f\xf5\x5e\x0f\xf6\
\x00\x00\x01\xdc\x00\x00\x00\x00\x00\x01\x00\x00\x33\x41\
\x00\x00\x01\x9f\xf5\x5e\x55\xc3\
\x00\x00\x02\x06\x00\x00\x00\x00\x00\x01\x00\x00\x34\xb8\
\x00\x00\x01\x9f\xf5\x5a\xf8\xce\
\x00\x00\x02\x2c\x00\x00\x00\x00\x00\x01\x00\x00\x36\x3f\
\x00\x00\x01\x9f\xf5\x58\x6e\x3c\
\x00\x00\x02\x54\x00\x00\x00\x00\x00\x01\x00\x00\x37\x77\
\x00\x00\x01\x9f\xf5\x60\xd2\xdc\
\x00\x00\x02\x7c\x00\x00\x00\x00\x00\x01\x00\x00\x39\x12\
\x00\x00\x01\x9f\xf5\x51\x29\xf9\
\x00\x00\x02\x96\x00\x00\x00\x00\x00\x01\x00\x00\x3a\x5a\
\x00\x00\x01\x9f\xf5\x51\x29\xf9\
\x00\x00\x02\xb0\x00\x00\x00\x00\x00\x01\x00\x00\x3b\xa2\
\x00\x00\x01\x9f\xf5\x5e\x30\x6c\
\x00\x00\x02\xe4\x00\x00\x00\x00\x00\x01\x00\x00\x3c\xe6\
\x00\x00\x01\x9f\xf5\x58\x49\xf2\
\x00\x00\x03\x00\x00\x00\x00\x00\x00\x01\x00\x00\x3e\x88\
\x00\x00\x01\x9f\xf5\x53\xda\xb0\
\x00\x00\x03\x26\x00\x00\x00\x00\x00\x01\x00\x00\x40\x0d\
\x00\x00\x01\x9f\xf5\x61\x86\x03\
\x00\x00\x03\x40\x00\x00\x00\x00\x00\x01\x00\x00\x41\x42\
\x00\x00\x01\x9f\xf5\x50\xe7\xe4\
\x00\x00\x03\x66\x00\x00\x00\x00\x00\x01\x00\x00\x42\x8f\
\x00\x00\x01\x9f\xf5\x58\xa6\xa5\
\x00\x00\x03\x92\x00\x00\x00\x00\x00\x01\x00\x00\x44\x40\
\x00\x00\x01\x9f\xf5\x53\x7a\x9c\
\x00\x00\x03\xb6\x00\x00\x00\x00\x00\x01\x00\x00\x45\xbf\
\x00\x00\x01\x9f\xf5\x58\x5c\x46\
\x00\x00\x03\xd2\x00\x00\x00\x00\x00\x01\x00\x00\x47\x25\
\x00\x00\x01\x9f\xf5\x5b\x63\xc8\
\x00\x00\x03\xfa\x00\x00\x00\x00\x00\x01\x00\x00\x48\x90\
\x00\x00\x01\x9f\xf5\x5e\x77\x93\
\x00\x00\x04\x10\x00\x00\x00\x00\x00\x01\x00\x00\x49\xb8\
\x00\x00\x01\x9f\xf5\x58\x93\xc4\
\x00\x00\x04\x4c\x00\x00\x00\x00\x00\x01\x00\x00\x4b\xbb\
\x00\x00\x01\x9f\xf5\x5b\xac\xef\
\x00\x00\x04\x66\x00\x00\x00\x00\x00\x01\x00\x00\x4d\x46\
\x00\x00\x01\x9f\xf5\x58\x81\xd7\
\x00\x00\x04\x94\x00\x00\x00\x00\x00\x01\x00\x00\x4e\xd4\
\x00\x00\x01\x9f\xf5\x51\x08\xd5\
\x00\x00\x04\xa6\x00\x00\x00\x00\x00\x01\x00\x00\x50\x5c\
\x00\x00\x01\x9f\xf5\x5b\x08\x00\
\x00\x00\x04\xde\x00\x00\x00\x00\x00\x01\x00\x00\x51\xc6\
\x00\x00\x01\x9f\xf5\x5d\xba\x65\
\x00\x00\x04\xfe\x00\x00\x00\x00\x00\x01\x00\x00\x53\x09\
\x00\x00\x01\x9f\xf5\x5a\xbe\x49\
\x00\x00\x05\x10\x00\x00\x00\x00\x00\x01\x00\x00\x54\x66\
\x00\x00\x01\x9f\xf5\x60\xa9\x32\
\x00\x00\x05\x28\x00\x00\x00\x00\x00\x01\x00\x00\x55\xaf\
\x00\x00\x01\x9f\xf5\x5a\xcc\x49\
\x00\x00\x05\x42\x00\x00\x00\x00\x00\x01\x00\x00\x57\x30\
\x00\x00\x01\x9f\xf5\x5d\x77\xc6\
\x00\x00\x05\x62\x00\x00\x00\x00\x00\x01\x00\x00\x58\x97\
\x00\x00\x01\x9f\xf5\x53\x7a\x9c\
\x00\x00\x05\x74\x00\x00\x00\x00\x00\x01\x00\x00\x5a\x16\
\x00\x00\x01\x9f\xf5\x5a\xd9\xf9\
\x00\x00\x05\x92\x00\x00\x00\x00\x00\x01\x00\x00\x5b\x81\
\x00\x00\x01\x9f\xf5\x5b\x81\x10\
\x00\x00\x05\xa8\x00\x00\x00\x00\x00\x01\x00\x00\x5c\xfe\
\x00\x00\x01\x9f\xf5\x5d\xcb\x59\
\x00\x00\x05\xc4\x00\x00\x00\x00\x00\x01\x00\x00\x5e\x75\
\x00\x00\x01\x9f\xf5\x60\xda\x0a\
\x00\x00\x05\xde\x00\x00\x00\x00\x00\x01\x00\x00\x5f\xbc\
\x00\x00\x01\x9f\xf5\x5d\xcb\x59\
\x00\x00\x05\xfa\x00\x00\x00\x00\x00\x01\x00\x00\x61\x33\
\x00\x00\x01\x9f\xf5\x51\x4b\xc6\
\x00\x00\x06\x1a\x00\x00\x00\x00\x00\x01\x00\x00\x62\xc7\
\x00\x00\x01\x9f\xf5\x5b\x90\x11\
\x00\x00\x06\x40\x00\x00\x00\x00\x00\x01\x00\x00\x64\x50\
\x00\x00\x01\x9f\xf5\x58\xca\x67\
\x00\x00\x06\x54\x00\x00\x00\x00\x00\x01\x00\x00\x65\xa7\
\x00\x00\x01\x9f\xf5\x5a\xe8\xb7\
\x00\x00\x06\x78\x00\x00\x00\x00\x00\x01\x00\x00\x67\x07\
\x00\x00\x01\x9f\xf5\x52\x30\xb7\
\x00\x00\x06\x94\x00\x00\x00\x00\x00\x01\x00\x00\x69\x20\
\x00\x00\x01\x9f\xf5\x5e\x42\x56\
\x00\x00\x06\xb0\x00\x00\x00\x00\x00\x01\x00\x00\x6a\xab\
\x00\x00\x01\x9f\xf5\x5d\xdc\x19\
\x00\x00\x06\xd4\x00\x00\x00\x00\x00\x01\x00\x00\x6c\xa7\
\x00\x00\x01\x9f\xf5\x5d\xdc\x19\
\x00\x00\x06\xf8\x00\x00\x00\x00\x00\x01\x00\x00\x6e\xa3\
\x00\x00\x01\x9f\xf5\x58\xdb\x4e\
\x00\x00\x07\x10\x00\x00\x00\x00\x00\x01\x00\x00\x6f\xe5\
\x00\x00\x01\x9f\xf5\x5b\x45\x15\
\x00\x00\x07\x2e\x00\x00\x00\x00\x00\x01\x00\x00\x71\x43\
\x00\x00\x01\x9f\xf5\x58\xb8\x6c\
\x00\x00\x07\x58\x00\x00\x00\x00\x00\x01\x00\x00\x72\xb3\
\x00\x00\x01\x9f\xf5\x60\x94\x17\
\x00\x00\x07\x76\x00\x00\x00\x00\x00\x01\x00\x00\x74\x65\
\x00\x00\x01\x9f\xf5\x5d\x41\x22\
\x00\x00\x07\xa0\x00\x00\x00\x00\x00\x01\x00\x00\x75\xce\
\x00\x00\x01\x9f\xf5\x61\x60\x74\
\x00\x00\x07\xc6\x00\x00\x00\x00\x00\x01\x00\x00\x77\xa9\
\x00\x00\x01\x9f\xf5\x60\xb8\x58\
\x00\x00\x07\xf0\x00\x00\x00\x00\x00\x01\x00\x00\x79\x17\
\x00\x00\x01\x9f\xf5\x60\xc4\xbd\
\x00\x00\x08\x08\x00\x00\x00\x00\x00\x01\x00\x00\x7a\x3d\
\x00\x00\x01\x9f\xf5\x50\x95\x99\
\x00\x00\x08\x36\x00\x00\x00\x00\x00\x01\x00\x00\x7b\xc7\
\x00\x00\x01\x9f\xf5\x59\x4c\x88\
\x00\x00\x08\x4c\x00\x00\x00\x00\x00\x01\x00\x00\x7d\x03\
\x00\x00\x01\x9f\xf5\x60\xe0\xa7\
\x00\x00\x08\x62\x00\x00\x00\x00\x00\x01\x00\x00\x7e\x40\
\x00\x00\x01\x9f\xf5\x5b\x16\x01\
\x00\x00\x08\x80\x00\x00\x00\x00\x00\x01\x00\x00\x7f\xb9\
\x00\x00\x01\x9f\xf5\x5b\x24\xb1\
\x00\x00\x08\x9e\x00\x00\x00\x00\x00\x01\x00\x00\x81\x28\
\x00\x00\x01\x9f\xf5\x5e\x66\xb7\
\x00\x00\x08\xce\x00\x00\x00\x00\x00\x01\x00\x00\x82\x8e\
\x00\x00\x01\x9f\xf5\x5b\xcd\x7c\
"

qt_version = [int(v) for v in QtCore.qVersion().split('.')]
if qt_version < [5, 8, 0]:
    rcc_version = 1
    qt_resource_struct = qt_resource_struct_v1
else:
    rcc_version = 2
    qt_resource_struct = qt_resource_struct_v2

def qInitResources():
    QtCore.qRegisterResourceData(rcc_version, qt_resource_struct, qt_resource_name, qt_resource_data)

def qCleanupResources():
    QtCore.qUnregisterResourceData(rcc_version, qt_resource_struct, qt_resource_name, qt_resource_data)

qInitResources()
